5479	所有模块都运行在巫妖王之怒原生 API 上。只要 3.3.5a 客户端支持，正式服的外观和设置都已移植，仅限正式服的系统则被省略。说明按模块分组，最新的在前，每个标题显示该模块的移植版本。
5480	每个敌人旁的图标显示其正处于或正在恢复的每种控制类别：绿色表示下一次持续时间减半，黄色为四分之一，红色为免疫。计时器显示 18 秒的重置时间。
5481	每个敌方宠物在其主人框体下方有一条生命条。左键点击选中宠物，右键点击设为焦点。
5482	arena1-5 的敌方框体，带职业着色的生命条、能量条和施法条，并高亮你的目标。左键点击选中，右键点击设为焦点。正式服没有对应功能。
5483	职业图标会切换为优先级最高的控制或免疫效果，并带有旋转动画和计时；PvP 饰品图标会从战斗记录中追踪其 2 分钟冷却。
5484	条纹理列出来自 SharedMedia 和其他使用 LibSharedMedia 的插件的纹理
5485	超出你职业 30-40 码法术距离的敌人会淡化至所选不透明度
5486	在解锁模式中、选项页面打开时或使用 /earena test 预览 2 到 5 个示例框体
5487	敌人潜行或不在视野中时框体保持显示，变暗并标记为未见
5488	可选择在使用这些框体时隐藏暴雪的竞技场框体
5489	减益效果筛选新增团队减益以及自己的和团队减益，使用与单位框体相同的团队减益列表。
5490	选择敌方姓名板显示哪些增益：限时增益、仅可驱散或显示全部（显示所有增益）。
5491	每个姓名板文本在其大小下方都有轮廓选项：无、轮廓、粗轮廓或阴影，或保持模块默认。涵盖名称、等级、生命值、目标的目标、施法文本、光环文本和友方名称。
5492	施法条现在每帧填充，而不是随每次姓名板刷新跳变。火花和计时器也平滑移动，且没有可见施法时会停止额外运算。
5493	核心文本位置提供所有正式服文本：敌方名称、等级 | 名称、目标的目标、生命值 % 和生命值 # 及其组合变体。每个文本的齿轮可设置其大小。
5494	生命条和施法条提供 EllesmereUI 纹理（Melli、Atrocity、Fade、Matte 等），与正式服相同
5495	生命条和施法条纹理包括来自 SharedMedia 和其他插件的纹理
5496	显示和颜色页面会显示实时预览姓名板；点击其任意部分即可跳转到对应设置
5497	正式服的条大小、颜色、仇恨模式、施法颜色、目标箭头和斩杀脉冲发光
5498	每个槽位放置一个元素；光环、团队标记和分类也可以放在施法条下方
5499	生命值 # 使用暴雪风格的缩写（1.2K、12K、1.2M），可选显示 % 小数
5500	从正式服导入的配置不再把目标姓名板放大到占满屏幕。
5501	边框选择“无”时现在只隐藏边框，不再隐藏施法条文本、计时器、护盾和打断标记。
5502	选项预览姓名板在切换标签页或关闭面板后不再消失。
5503	“打断冷却中”施法颜色现在在你的打断技能冷却时显示，与正式服一致，而不是相反。
5504	团队和小队名称各自有独立的轮廓：无、轮廓、粗轮廓、阴影，或团队框体字体默认值。
5505	新的队伍布局每列堆叠两个团队小组，然后向右开始下一列，因此 20 人团队会形成 2x2 方块。
5506	就位确认图标显示在减益上方，并在确认结束后保留每名玩家的结果十秒。
5507	显示在中央团队减益图标中的减益会从普通减益栏中排除，为其他减益留出空间。
5508	在巫妖王之怒中，团队和小队框体在超出范围时变暗，包括战斗中。“超出范围时变暗”和“范围外不透明度”控制淡化效果。
5509	每个框体中央的大图标，显示冰冠堡垒、红玉圣殿、十字军的试炼、奥杜尔和纳克萨玛斯的重要减益，按优先级从高到低，带计时、层数和驱散颜色边框。没有列表中的减益时，可改为显示可驱散的减益。
5510	带不透明度的驱散叠加样式、驱散颜色的框体边框、类型图标位置、按类型的驱散颜色以及仅显示可驱散。
5511	叠加、真实或无预览。打开团队或小队页面时开启预览，离开页面、关闭面板或进入战斗时关闭。
5512	敌方施法会以图标显示在被施法的小队或团队成员上，带施法动画和可打断边框。小队默认为“治疗时”；每种团队布局有各自的模式。巫妖王之怒没有法术目标，因此受害者为施法者的目标，且只能看到队伍中有人选中的敌人
5513	伤害护盾像正式服一样显示在生命条上：吸收样式、不透明度、颜色、放置和显示过量护盾。巫妖王之怒不报告护盾数值，因此根据战斗记录估算
5514	生命值条纹理列出来自 SharedMedia 和其他插件的纹理，光环指示器预览中也是如此
5515	25 人预览
5516	解锁模式和选项预览以 25 人布局打开，而不是 40 人
5517	生命颜色模式、背景、仇恨、目标和悬停边框、文本和图标位置
5518	来自使用 HealComm 插件的玩家的预计治疗和复活
5519	主坦克、宠物和友方首领框体以及治疗者法力文本，各自带有解锁模式移动框
5520	小队页面新增布局区段，包含水平框体
5521	就位确认图标对已接受的玩家和发起确认的玩家显示绿色对勾，而不是在确认结束时显示红色叉号。
5522	小队队长图标只显示在队长身上，而不是多个小队成员身上。
5523	团队和小队框体菜单中的设置焦点和清除焦点在脱离战斗时可用，不再弹出“被阻止执行动作”提示；战斗中它们被隐藏，请在战斗中使用点击施法的焦点绑定。
5524	就位确认图标重新显示在团队和小队框体上。
5525	隐藏心满意足 / 精疲力竭也会隐藏 81005 嗜血锁定减益。
5526	宠物框体首次出现时不再抛出 SecureTemplates strupper 错误。
5527	增益/减益编辑器的“新建”菜单在第一次点击时不再关闭。
5528	团队和小队框体的元素选项现在会打开对应的设置。
5529	从正式服 EllesmereUI 导出的配置字符串会导入此客户端支持的全部内容：每个模块保留当前设置并采用其能理解的正式服数值。仅限正式服的模块、专精设置和冷却管理器法术会被跳过，聊天中会报告导入了多少项设置。
5530	全局设置中的一个按钮可还原 EUI 更改过的游戏设置（姓名板、微缩地图、聊天和鼠标提示选项、聊天字体大小以及快速菜单占用的按键），然后为此角色关闭 EUI 并重载。你的配置会保留。
5531	为需要圆形或彩色冷却动画的模块绘制的冷却动画；巫妖王之怒客户端自带的冷却动画始终是深色方块。冷却管理器最先使用它。
5532	当公会或队伍成员运行更新的 EllesmereUI 版本时，聊天中每次会话会提示你一次。输入 /euiupdate 获取下载链接。巫妖王之怒无法访问互联网，因此消息来自其他 EUI 用户。
5533	Locales 插件为所有原版巫妖王之怒客户端语言提供社区翻译，带英文回退和 Lua 5.1 格式。
5534	在巫妖王之怒客户端上，折叠菜单显示原版 Ellesmere E 标志，使用界面强调色，并带有可用的关闭图标。
5535	其他插件通过 LibSharedMedia 注册的字体、条纹理和声音会出现在 EllesmereUI 菜单中，包括登录后注册的。
5536	用于单个文本的通用轮廓选择器：无、轮廓、粗轮廓或阴影，模块默认跟随字体页面。切换时文本保持其颜色。
5537	不兼容插件弹窗可以禁用另一个插件或受影响的 EllesmereUI 模块并重载。“确定”和“不再显示”与以前一样有效。
5538	按专精的设置组，带自动捕获和各自的解锁模式布局，以及针对地下城、团队副本、竞技场、战场、单人游戏和脱离战斗的条件覆盖。
5539	Esc 菜单有 EllesmereUI 和 EUI 解锁模式按钮，默认显示。两者都遵循全局设置中的 EUI 按钮设置。
5540	开启“在提示中显示法术 ID”时，物品鼠标提示会添加物品 ID 和图标文件名。每行都有独立开关
5541	团队框体和单位框体从共享估算中读取吸收护盾：等级基础值加上你自己的法术强度，减去战斗记录中每个护盾吸收的量。拥有原生吸收 API 的客户端会直接使用它
5542	竞技场框体加入侧栏、首次使用列表、配置、专精覆盖、模块字体和搜索
5543	配置字符串和共享导出恢复正常
5544	冰蓝色选项主题；强调色匹配主题会跟随每个主题的配色
5545	在击杀首领、赢得竞技场和战场、嗜血/英勇以及升级时显示灯光、光束、音乐和旋转效果
5546	“在提示中显示法术 ID”涵盖法术、动作按钮、光环和聊天链接（默认关闭）
5547	选项侧栏显示所有已载入 EllesmereUI 插件的总内存占用
5548	当你有多个配置时，侧栏同步按钮会重新打开其配置列表，而不是报错。
5549	正式服配置字符串会带上元素位置：动作条、经验条和菜单条、CDM 条、团队和小队框体、聊天、伤害统计窗口、体验优化显示、资源条和固定鼠标提示会放在创建者放置的位置。
5550	仅含姓名板的正式服配置字符串会被识别为正式服；条宽度和高度、施法条高度和颜色、名称大小和光环大小都会保留。
5551	解锁模式：顶栏的开关图标和标签更亮，在横幅上不再显示为深灰色。
5552	EUI 框体右键菜单中的设置焦点和清除焦点在脱离战斗时通过安全按钮执行，而不再被阻止；战斗中它们被隐藏。
5553	解锁模式：方向键再次将所选元素移动 1 像素（按住 Shift 移动 100）。
5554	可与 !!!ClassicAPI 一起使用：EUI 框体不再使用其裁剪和遮罩函数，因此动画发光和选项面板不再报错。
5555	在其他插件添加了空遮罩函数的客户端上，打开选项不再报错 \"attempt to index local 'mask'\"。
5556	配置导入和导出框不再报错 \"attempt to call method 'GetNumLines'\"，并可滚动以容纳长字符串。
5557	折叠菜单重新显示 Ellesmere E 标志，而不是一个纯黑圆圈。
5558	动作按钮鼠标提示显示真实的法术 ID，而不是法术书槽位。
5559	修复了在首次打开选项面板之前，冷却管理器发光导致的 \"attempt to call global 'issecretvalue'\" 错误。
5560	解锁模式控件的鼠标提示使用兼容巫妖王之怒的透明度渐变，修复了向右增长时的 SetFromAlpha 错误。
5561	选项搜索结果列表使用完全不透明的背景，结果绘制在其上方，因此侧栏和页面文本不再透到结果中。
5562	解锁模式首次打开时不再在 SetMaxLines 上报错，元素移动框重新出现。
5563	每次移植版更新后，补丁说明提示红点现在会亮起。
5564	选项搜索结果现在绘制在侧栏和页面上方，而不是在它们后面。
5565	屏幕上元素较多时，解锁模式右键菜单不再在打开后立即关闭。
5566	打开团队框体选项不再导致设置覆盖中的堆栈溢出。
5567	解锁模式美术、选项页面图标和解锁模式顶栏现在可见且清晰可读。
5568	插件列表显示简洁的模块名称，并在插件管理器中归组到 EllesmereUI 下。
5569	搜索功能和搜索模块设置重新可以输入文字。
5570	图集查询遇到未知名称会报错的客户端（例如移植了正式服界面的自定义 3.3.5 客户端）不再阻止 EllesmereUI 文件载入。
5571	与正式服 9.4 相同，数据条页面顶部有条选择器：直接在其菜单中重命名或删除条，或选择“+ 创建新数据条”。“+ 新条”以卡片形式显示四个起始模板，在还没有任何条时页面会以卡片网格显示它们。
5572	与正式服 9.4 相同，选项窗口顶角有窗口缩放滑块，以 5% 的平滑步长调整大小；在滑块上滚动鼠标滚轮，或在窗口任意位置按住 Shift 滚动滚轮也可以。对 Ellesmere 的致谢现在位于关闭按钮下方。
5573	全局设置打开时并排显示“重置所有 EUI 插件设置”和“卸载 EUI”，与正式服 9.4 相同。“重置所有”现在需要你输入 Confirm。“优化我的 FPS 和图形”已移除：它修改的图形设置在此客户端上不存在。
5574	与正式服 9.4 相同，样式页面上的每张外观卡片都有一个使用该外观的模块菜单：勾选其他外观下的模块，然后按“应用样式”即可一次重载全部切换。菜单只列出此客户端能绘制的外观：冷却管理器、微缩地图和伤害统计提供 EllesmereUI 和经典 WoW UI，玩家光环条已移除，“应用于全部”会跳过没有该外观的模块。
5575	导入页面可以更新你的当前配置，而不是新建一个：勾选“导入到当前配置”，字符串中选中的模块（例如仅姓名板）会替换其中的设置，配置的其余部分保持不变。
5576	EUI 团队页面开头感谢 Ellesmere，并有移植团队卡片，附带指向发布页面的 GitHub 链接。点击致谢 Ellesmere 的标题行即可打开它。
5577	自定义法术提醒、可见性和声音按角色单独保存，独立于共享配置。
5578	可选的成就、交易和公会招募过滤，以及你自己屏蔽的词语和短语。
5579	在新的垃圾信息过滤页面中配置重复时间、发送者匹配和聊天范围。
5580	姓名板和单位框体文本齿轮中的轮廓菜单，以及体验优化中的区域文本描边。单位框体预览会显示每个文本的轮廓。
5581	新增宠物和递减效果区段，以及目标和可见性下的“超出范围时淡出”及其不透明度。
5582	组区段中的通报打断和接受好友和公会的邀请，以及团队工具上的解散队伍按钮。
5583	条显示、菜单、背包和经验值条以及条动画，带所选条的实时预览。点击图标、快捷键或数量即可跳转到对应设置。
5584	团队和小队页面新增正式服的驱散区段，并在顶部新增预览模式（真实、叠加或无预览）。
5585	小队和团队页面新增目标法术区段：模式、预览、图标大小、最大图标数、位置、增长方向、偏移、施法动画、施法计时器和可打断颜色。
5586	团队框体（小队和团队）和单位框体（玩家、目标、焦点）新增吸收区段用于估算护盾，单位框体预览中显示护盾。
5587	CDM 条现在打开时显示正式服的条下拉菜单（重命名或删除自定义条，添加冷却时间、实用、增益或焦点打断条）以及所选条的图标：拖动以重新排序，点击图标进行编辑，中键点击移除，使用 + 添加法术或增益。
5588	隐藏服务器公告，例如 \"Name the level 11 Gnome Warrior has been slain by ... in Westfall\"，可选择保留从所选等级起的死亡公告。
5589	SharedMedia
5590	焦点打断施法音效和聊天音效列出 EllesmereUI 和 SharedMedia 声音，纹理页面将伤害统计链接到其各窗口的条纹理
5591	图标顶部新增下拉菜单，附带应用到所有条的链接。预览会显示形状。
5592	驱散下的首领减益图标、图标大小、图标纵向偏移和无首领减益时显示可驱散
5593	常规、布局、生命值和能量、文本、图标、施法条以及目标和可见性区段
5594	显示、额外功能和巫妖王之怒背包设置，包括删除已保存角色
5595	职业图标主题、职业着色名称、边框、强调色、阵营横幅和自动接受邀请
5596	显示、颜色、常规和光环筛选，带内联颜色样本和齿轮菜单
5597	正式服布局中的快速拾取、自动填写删除确认、自动修理和自动出售垃圾
5598	显示、颜色和额外功能区段，带内联颜色样本以及自动接受和交任务齿轮
5599	巫妖王之怒法术图标、真实施法时间，以及与实际框体相同的阵营和头像美术
5600	当前配置下拉菜单重新在每个配置上显示重命名、删除和快捷键图标。
5601	安装 !!!ClassicAPI 后下拉菜单重新可以打开；其裁剪函数不再把菜单移到空的滚动框架中。
5602	重置全局设置不再中途报错停止，并会重新重载界面。
5603	在巫妖王之怒客户端上无效的选项已隐藏：图像锐化、延迟容限、战斗文本大小、迅捷治愈变暗、Slug 轮廓、职业资源深色模式和颜色、仅限正式服的职业和能量颜色，以及指针环纹理。
5604	全局设置不再显示手柄页面，因为它在巫妖王之怒客户端上没有可控制的内容。
5605	最大镜头距离会保存并保持其数值，而不再重置为 1.0，并且最高可达巫妖王之怒客户端允许的 4。
5606	CDM 条和追踪条打开时不再出现 \"attempt to call field 'disabled'\" 错误，九个开关重新显示其提示。
5607	聊天 > 垃圾信息过滤：仅开启交易或招募过滤时，聊天类型设置仍可使用，提示会说明每项涵盖的内容。
5608	打开选项后，之后的暴雪操作不再有以 EllesmereUI 名义被阻止的风险。
5609	可见性等清单菜单在点击后立即勾选和取消勾选，即使模块的实时更新出现问题也是如此，而不是只在关闭并重新打开菜单后才更新。
5610	下拉列表、清单和其他选项弹窗将项目绘制在自身背景之上，使用不透明背景，而不是显示褪色的项目并透出页面。
5611	样式页面现在按外观保存单位框体的生命颜色，因此在经典 WoW UI 和 EllesmereUI 外观之间切换时会保留各自的颜色。
5612	在经典 WoW UI 下，单位框体预览和能量颜色样本显示原版游戏的能量颜色。
5613	每个核心文本位置行、法术名称、施法计时器和友方名称现在都有各自的轮廓齿轮，而不是藏在大小弹窗中。
5614	按 Esc 关闭暴雪窗口时不再显示 \"EllesmereUIOptions has been blocked from an action\"。
5615	战斗伤害、治疗、周期性效果和宠物伤害开关使用巫妖王之怒自带的战斗文本设置。
5616	其他窗口通过 Esc 关闭后，隐藏的选项控件不再获取键盘焦点。
5617	拖动滑块或在滑块中输入不再报错。
5618	在图集查询遇到未知名称会报错的客户端上，设置面板可以打开，而不再以“NS”错误失败。
5619	显示页面有区域文本区段，包含移动区域文字。
5620	团队工具不再有首领模组计时条区段：AbilityTimeline 的 Sources 选项可隐藏 DBM 和 BigWigs 计时条。
5621	正式服团队面板：可设置为从不显示、在团队中、在任意队伍中或始终显示，形式可为可调整大小的紧凑条带、单窗口或双窗口，或仅一部分。它可以以小图标启动，可用快捷键打开和关闭（战斗中也可），并有三个开怪倒数、转化和解散。重新邀请会移出所有人并重新邀请进同类型的队伍，转化为小队会以相同方式将五人或更少的团队重建为小队。当标记物品在背包中时，Shift + 左键点击标记可放置其世界标记，或 Shift + 左键点击清除图标以重置世界标记。在团队中只对团长和助理显示。
5622	一个按键即可对你的焦点、坦克（输入的名称、主坦克或坦克职责）、友方目标或宠物施放误导或嫁祸诀窍。图标显示施放对象、增益计时和冷却。在按键设置中绑定。
5623	受到的伤害、治疗、闪避以及进入或离开战斗会在玩家框体上方滚动显示，取代暴雪的战斗文本，提供直线、喷泉或静态动画，按类型设置颜色，并在解锁模式中有移动框。
5624	自动为你选择 NPC 唯一的对话选项。按住 Shift 可跳过；副本和有任务可接或可交的 NPC 不受影响。其齿轮还可跳过低等级任务。
5625	收件人框旁的箭头会列出你在此服务器和阵营的小号、公会成员以及最近寄信的名字。点击名字即可填入。
5626	为进入区域时显示的区域、子区域和 PvP 文本选择无、轮廓、粗轮廓或阴影。暴雪默认保持游戏自带字体。
5627	将你或你的宠物打断的法术（附法术链接）发送到说、表情、小队或团队频道。在战场中，小队和团队会切换为战场频道。
5628	自动接受来自好友列表和公会成员的组队邀请，除非你已在队伍中或正在地下城查找器中排队。
5629	团队工具上的解散按钮在确认后将所有人移出你的团队或小队。仅限队长，战斗中不可用。
5630	即使关闭了暴雪的自动拾取也会立即拾取全部物品；按住 Shift 可查看拾取窗口。队伍掷骰和队长分配等锁定的槽位会被跳过。
5631	FPS 和延迟、次要属性、耐久度警告、战斗和死亡提醒、准星以及新的目标距离文本，均可在解锁模式中移动。
5632	FPS 计数器新的默认文本颜色“品质”会将 FPS 和每个延迟值显示为绿色、黄色或红色（60/30 fps，100/250 ms）。自定义和职业颜色仍然可用。
5633	在体验优化之后载入的 SharedMedia 包中的提醒音效也可以播放
5634	“全部打开”按钮逐封收取物品和金币，跳过货到付款和 GM 邮件
5635	打开发送邮件时，Shift 点击背包物品可将其及相同物品附加到邮件
5636	在脱离战斗时逐个打开可拾取的容器（默认关闭）
5637	“训练”旁的“全部训练”按钮显示可学习的法术数量和总花费
5638	开怪倒数时长、DBM/BigWigs 广播和聊天倒数
5639	导入正式服配置后，团队工具保持其大小。
5640	Shift 点击邮件附件不再替换背包物品的点击处理程序，因此背包点击不会被污染。
5641	AbilityTimeline 启用时隐藏 DBM 和 BigWigs 计时条的功能已移至 AbilityTimeline 本身，与正式服相同：在其 Sources 页面中使用 Hide DBM bars 和 Hide BigWigs bars。团队工具中的该选项已移除。
5642	登出、退出、释放灵魂以及其他暴雪确认弹窗不再触发 \"EllesmereUIQoL has been blocked from an action only available to the Blizzard UI\" 消息。
5643	在较小的界面缩放下，区域名称不再出现在屏幕中央。它现在固定在顶部（距屏幕中心 X 9 / Y 322），没有解锁模式移动框。
5644	显示玩家增益会将悬停玩家的增益以图标显示在鼠标提示旁，可设置位置、大小、每行图标数和偏移。
5645	在角色面板侧栏中悬停某项属性时，提供该属性的已装备物品会发光。
5646	观察附魔和缺失强化
5647	观察附魔以图标显示（悬停时显示名称），或以按物品品质着色的名称显示，并有独立大小。满级时，红色徽章标记缺失的附魔、空插槽和缺失的腰带扣，与你的角色面板相同。
5648	保存装备方案时，即使原生图标选择器已打开也会重建它，防止 PaperDollFrame 的 nil 比较错误。
5649	拾取掷骰的需求、贪婪、分解和放弃按钮会统计队伍其他成员的选择。悬停按钮可按职业颜色查看是谁。
5650	玩家鼠标提示以 GearScoreLite 的颜色显示 GearScore，载入 GearScoreLite 时使用其公式。开启其选项时保留 GearScoreLite 自己的行。
5651	每个栏位的附魔和宝石、最低耐久度、模型旋转、平移和缩放、可重新排序的属性区段，以及从背包填充插槽的插槽条。
5652	职业着色的名称和生命条、公会会阶、目标、物品等级，以及跟随鼠标或固定的锚点
5653	观察时的物品等级、停靠在角色窗口旁，以及商人列表模式
5654	复活接受发光和地下城就绪倒计时条
5655	服务器的收藏和幻化窗口加入窗口皮肤
5656	理发店、PvP 和战场军官、竞技场注册员、战场计分板、微缩地图和占领条、帮助和 GM 请求、GM 聊天状态、呼吸和疲劳计时、秒表、团队拖出框体、调试工具和 Ace3 配置窗口
5657	就位确认不再为队长或在你回应后留下空的黑色面板。
5658	角色面板的头衔标签页重新列出你已获得的头衔；点击即可佩戴。
5659	公会今日信息弹窗（及其他宽文本弹窗）的输入框不再遮挡其标题和按钮。
5660	成就窗口不再使边框后的成就列表变暗。
5661	插件列表窗口皮肤开关仅在客户端有插件列表窗口时显示。
5662	发送邮件重新显示收件人、主题和正文框，美化后的输入框中的输入光标保持可见。
5663	在解锁模式中拖动固定鼠标提示锚点时，它不再跳回已保存的位置。
5664	拍卖行：Auctionator 和其他拍卖插件添加的面板和标签页保持各自的外观和布局，底部的关闭按钮不再在文字上叠加 \"x\"。
5665	天赋：关闭按钮和点数底栏在滚动条处结束，而不是超出窗口边缘。
5666	窗口标签页保持深色背景，而不是透明显示。
5667	世界地图：战斗中切换地图视图后，玩家箭头、小队和团队圆点、尸体和任务标记仍保留在地图上，包括副本地图。
5668	原生下拉菜单不再在每行右侧显示空方块。
5669	暴雪窗口中的下拉框（例如地下城查找器的类型）在其箭头处结束，而不是超出窗口边缘。
5670	团队信息：背景覆盖整个窗口，包括标题、关闭按钮、最后一行以及延长团队锁定和关闭按钮。
5671	天赋和雕文的背景现在结束于标签页上方和双天赋标签页旁。
5672	雕文标签页重新显示其原生羊皮纸背景，并与雕文插槽对齐。
5673	暴雪窗口中的滑块（例如镜头和鼠标选项）恢复正常大小。
5674	可用前隐藏和形态/姿态外隐藏
5675	新的冷却状态：可用前隐藏仅在法术可施放且未冷却时显示（压制、复仇、乘胜追击、斩杀）；资源不足不会使其隐藏。形态/姿态外隐藏仅在所需的形态或姿态中显示。两者都可以收拢空隙或保留位置。
5676	+ 菜单可添加空槽位，在条上保留一个空位置，用于分组图标。
5677	条可以切换为异形冷却动画，贴合圆形图标并使用冷却动画颜色，而不是客户端的深色方形冷却动画。
5678	冷却时间、实用和增益条，以及自定义条和焦点打断条，从你的法术书、冷却和光环中追踪。列表按天赋组保存。
5679	玩家、目标、焦点或宠物的光环或冷却条，带纹理、渐变、层数刻度和 Dot发光，并按组排列。
5680	条图标上方的 + 按钮会打开正式服的添加菜单：自定义法术、物品或栏位、饰品、种族技能、药水和你已学会的法术，或从金色 + 中添加增益和增益预设
5681	饰品栏位中的被动触发饰品会显示其图标以及每次触发后的内置冷却，并在触发增益持续期间显示该增益
5682	追踪条纹理包括 SharedMedia，焦点打断施法音效在暴雪音效基础上加入 EllesmereUI 和 SharedMedia 声音
5683	在光环生效或缺失时点亮 EllesmereUI、暴雪或 ElvUI 动作按钮
5684	始终显示、变暗、冷却时或就绪时隐藏，以及就绪时发光
5685	种族技能、治疗石、巫妖王之怒药水以及英勇和嗜血等增益
5686	仅在学会所选天赋时显示条目
5687	实用条选项在点击后不再切换为增益，冷却时间条也不再被第二个增益条取代。
5688	种族技能只显示一次：实用条不再将奥术洪流（以及其他有职业变体的种族技能）列出三次。
5689	饰品栏位中的被动饰品在选项中显示其自身图标，而不是问号。
5690	被保存两次或保存在其他条名下的条（两个增益条而没有冷却时间条）已修复，每个内置条都保留自己的图标和选项。
5691	自动大小和等分条，带正式服的背景、边框和屏幕边缘吸附，以及每个区块的边距、对齐、缩放和颜色。
5692	20 个巫妖王之怒区块
5693	时钟、FPS、延迟、位置、金币历史、背包、耐久度、经验和声望、双天赋、专业技能、旅行、微菜单、货币等。
5694	延迟文本默认根据连接质量显示为绿色、黄色或红色。选择其他颜色后，可通过文本颜色中的延迟色样切换回来。
5695	带可点击行的列式鼠标提示，以及安全的法术、物品和宏行
5696	每个条都有移动框，其元素选项会打开该条的设置
5697	0.2 版的配置会自动转换
5698	吸附到屏幕边缘或设为全长的条在登录后会出现在原位，而不需要打开并关闭解锁模式。
5699	施法条延迟区域适用于排队的法术，并在引导期间保持可见，可配置颜色和毫秒文本。
5700	职业条、能量条和生命条、施法条、公共冷却条、挥砍计时器和图腾条，每个元素都有自己的解锁模式移动框。旧配置会迁移一次。
5701	根据战斗记录显示主手、副手和远程攻击，支持排队的英勇打击、顺劈斩和槌击、招架加速和攻速变化。
5702	条纹理包括来自 SharedMedia 和其他插件的纹理
5703	竖直条、正式服文本、渐变、阈值、刻度标记和平滑
5704	死亡骑士符文顺序和倒计时、连击点数，或暴雪自带的美术
5705	引导跳数、延迟、总持续时间和不可打断颜色
5706	图腾图标和计时，以及可移动的召唤图腾条
5707	召唤图腾条在战斗中不再改变大小或移动；更改会在战斗结束时应用。
5708	玩家施法条显示引导法术的名称，而不是 \"Channeling\"。
5709	EUI 主题中的职业图标、状态圆球、详情行中的备注、阵营横幅和悬停高亮，带边框和强调色。
5710	接受来自好友（可选包括公会成员）的组队邀请并关闭弹窗。
5711	窗口保持原生样式，但各行仍会显示职业图标和着色名称
5712	自动接受会从 NPC 对话中接取任务，支持防止多任务接受；自动交任务会完成只有单一奖励的任务。按住 Shift 可跳过。
5713	使用你追踪任务的物品（从任务日志中查找），并且只在有可用物品时占用该按键。
5714	顶部线条使用强调色，线条颜色为标题分隔线着色
5715	/eqt show、/eqt hide 和 /eqt toggle
5716	点击焦点框体即可清除焦点（默认为 Shift + 右键，也可为 Ctrl/Alt + 右键、中键或 Shift + 左键）。在焦点框体页面中设置。战斗中可用。
5717	两种新的减益过滤模式：团队减益显示任何人施加的常见团队减益（护甲、受到的法术和物理伤害、受到的暴击、攻击强度、攻击和施法速度、受到的治疗、审判和猎人印记），自己的和团队减益则额外加入你施加的减益。
5718	类型图标位置会将玩家最高可驱散减益类型的图标放在生命条的某个点上，其大小和偏移在齿轮中设置。“仅你可驱散”现在位于其旁边，并同样限制叠加、图标和边框颜色。
5719	焦点框体获得光环边框样式、大小和颜色设置，与玩家和目标相同。
5720	玩家、目标和焦点在生命填充之后显示预计治疗：你的和其他玩家的分别使用各自颜色，数据来自 LibHealComm-4.0（只能看到运行 HealComm 插件的治疗者）。
5721	减益过滤现在可以显示或隐藏心满意足、精疲力竭以及其他嗜血锁定减益。它们默认隐藏。
5722	左侧、右侧、中央和额外文本、底部文本条的文本以及能量百分比，在大小下方都有轮廓选项：无、轮廓、粗轮廓或阴影，或模块默认。
5723	锚点、增长方向、每行图标数、持续时间和层数文本、纹理边框和驱散环。目标和焦点获得可净化增益发光。
5724	所有战斗指示器样式现在都能显示，高亮的头像会贴合其形状而不再溢出。
5725	玩家、目标、焦点和首领生命条使用正式服的吸收样式、不透明度、颜色、放置、显示过量护盾和在首领框体上显示来展示估算的伤害护盾
5726	法力值或法力值 + 形态能量，带独立的形态条
5727	仇恨 %、宠物能量条和宠物快乐度图标
5728	使用“使用指示器布局”时在生命条上显示的合并光环指示器
5729	以驱散颜色显示的填充、全覆盖、渐变和锐利渐变叠加
5730	在经典 WoW UI 和暴雪样式下，队长皇冠位于头像的上角，与原版框体相同，而不是在生命条内。
5731	单位框体上的小队队长图标只显示在队长身上，而不是多个小队成员身上。
5732	单位框体右键菜单中的设置焦点和清除焦点在脱离战斗时可用，不再弹出“被阻止执行动作”提示；战斗中它们被隐藏。
5733	安装 !!!ClassicAPI 后，单位框体的条和头像不再被移到滚动框架中。
5734	目标和焦点施法条隐藏重要施法发光；巫妖王之怒客户端无法判断哪些法术是重要的。
5735	引导施法条显示法术名称，而不是 \"Channeling\"。
5736	首领不是你的目标或焦点时，首领框体现在也会更新生命值、能量和文本。
5737	可见性条件（战斗、队伍以及无目标时隐藏）现在会应用到框体上，而不是报错停止，因此可见性菜单的勾选框也会立即勾选。
5738	经典 WoW UI 的能量条现在保持在框体美术之内：美术边缘会覆盖在能量条上，与生命条相同。
5739	经典 WoW UI 现在让每个单位框体使用原版的绿色生命条，而不是职业颜色。切换回 EllesmereUI 外观会恢复你的颜色。
5740	经典 WoW UI 的能量条使用原版游戏颜色（深蓝法力、红色怒气、黄色能量），而不是 EllesmereUI 配色。其他外观保持该配色。
5741	文本轮廓现在应用到实际框体上，而不仅是选项预览。
5742	在遮罩纹理返回为空的设置中，单位框体不再无法载入（登录时的吸收条错误）。
5743	按法术 ID 显示的图标现在显示正确的图标或问号，而不会是空方块。
5744	阵营指示器在雇佣兵模式下不再报错，仅限正式服的 PvP 样式会使用巫妖王之怒的 PvP 图标。
5745	首次创建框体时，等级文本不再报错 Font not set。
5746	与正式服 9.4 相同，经验条区段开头为经验条样式：EllesmereUI 使用 EUI 经验条，Luxthos 使用 Luxthos WeakAura 布局的 EUI 经验条，暴雪默认使用暴雪自带的经验条和声望条。它取代了“启用经验条”和“应用 Luxthos 布局”按钮。
5747	与正式服 9.4 相同，任何水平条都可以在其左端、右端或两端显示经典狮鹫，在布局末尾的端饰菜单中设置。齿轮可设置其大小和偏移，“应用于全部”会将其复制到所有条。实时预览也会显示它们。
5748	经验条获得正式服的任务经验叠加（已完成任务为绿色，未完成为金色）、带智能刻度的分隔线、渐变填充、背景和休息颜色，以及七个文本位置，可显示数值、已完成任务经验、每小时经验、升级所需时间和游戏时间。“应用 Luxthos 布局”会重现流行的 Luxthos 经验条 WeakAura，带满级时显示、火花以及任务经验后的休息经验。
5749	放置已装备物品（例如饰品）的按钮可以显示其品质颜色的边框。默认关闭。
5750	四个额外的条，默认关闭，每个都有自己的快捷键、解锁模式移动框和完整的条显示设置。战士、德鲁伊、潜行者和牧师可以看到哪个姿态或形态共享该条的槽位。
5751	圆形和头像绘制圆形图标，菱形、六边形和护盾将图标裁剪为对应形状，方形和圆角方形添加形状轮廓。按条设置，包括宠物条和姿态条。
5752	输入 /kb，悬停按钮并按下按键即可绑定，支持修饰键、鼠标按键和滚轮。右键点击清除；取消或 Esc 撤销。
5753	按条设置的文本、边框、背景、方向和增长方向，正式服的按钮动画和可见性引擎，以及动作条 1 的修饰键翻页。
5754	Shift+1 显示为 S1，Control+1 显示为 C1，鼠标按键显示为 M4，滚轮显示为 MwU/MwD
5755	将背包栏缩小为单个行囊按钮
5756	方形微菜单和背包栏、扁平的经验条和声望条，以及可移动的增益和减益
5757	动作条 1 的翻页箭头可切换页面，不再出现 \"blocked from an action only available to the Blizzard UI\" 消息。
5758	切换姿态时不再显示重复的暴雪姿态条和宠物条。
5759	隐藏暴雪动作条美术时，仍可将法术拖放到动作条 1 上。
5760	添加行时，玩家增益会继续向下增长。
5761	经验条和声望条在首次更新时不再报错。
5762	制造灵魂石提醒（包括自定义法术提醒）只对术士显示。
5763	仅神圣天赋的智慧圣印提醒，包括其他圣印生效时。
5764	一键对第一个缺少团队增益的成员施放其最高等级的团队增益，例如真言术：韧、野性赐福或奥术光辉。
5765	光环、灵界、守护、护盾、武器强化、毒药、宠物、灵魂石和治疗石，以及带背包数量的合剂、药剂和食物。
5766	提醒音效包括 SharedMedia 声音，即使来自稍后载入的包
5767	野外、普通和英雄地下城与团队副本，或战斗中，带低于时显示计时
5768	针对巫妖王之怒区域和你当前副本的天赋提醒
5769	你自己的光环 ID 提醒和治疗者法力的就位确认警告
5770	中键点击可隐藏提醒，直到下一次载入画面
5771	关闭符文熔铸现在会隐藏死亡骑士符文提醒。
5772	向旧的天赋提醒添加区域不再报错，新区域会立即生效。
5773	背包标题栏中的硬币可将物品标记为垃圾：点击它，然后点击物品。灰色和已标记的物品会进入垃圾类别，在商人处硬币旁会出现出售垃圾按钮。其齿轮可在已标记物品上添加硬币徽章。
5774	战斗中背包快捷键会打开和关闭现有布局。布局刷新会等到战斗结束。
5775	带所有物品、整合背包和多背包视图的侧栏，固定和最近物品，适用于巫妖王之怒物品的正式服类别，以及你自己的类别。
5776	整合背包会合并堆叠并按背包类型排序，多背包会对每个背包排序，支持从底部开始排列和随机。
5777	搜索旁的齿轮会打开背包选项，在银行时则打开银行页面
5778	角色列表中每个已保存的角色都有一个 x，可删除其数据
