5479	所有模組都以巫妖王原生 API 運作。凡 3.3.5a 用戶端支援之處，皆已移植正式版的外觀與設定，正式版專屬的系統則未納入。說明依模組分組、由新到舊排列，每個標題顯示該模組的移植版本。
5480	每個敵人旁顯示其正受到或正在恢復的各類控場效果圖示：綠色表示下一次持續時間減半，黃色為四分之一，紅色為免疫。計時器顯示 18 秒的重置時間。
5481	每個敵方寵物在其主人框架下方各有一條生命條。左鍵點擊選取寵物，右鍵點擊設為專注目標。
5482	arena1-5 的敵方框架，含職業顏色的生命、能量與施法條，並高亮你的目標。左鍵點擊選取目標，右鍵點擊設為專注目標。正式版沒有對應功能。
5483	職業圖示會切換為優先順序最高的控場或免疫效果，並附螺旋與計時器；PvP 飾品圖示會從戰鬥紀錄追蹤其 2 分鐘冷卻。
5484	條材質會列出來自 SharedMedia 及其他使用 LibSharedMedia 的插件的材質
5485	超出你職業 30-40 碼法術範圍的敵人會淡出至選定的不透明度
5486	在解鎖模式中、選項頁面開啟時或使用 /earena test 時，預覽 2 到 5 個範例框架
5487	敵人潛行或不在視線內時，框架仍會保留，以變暗方式顯示並標記為「未見」
5488	使用這些框架時，可選擇隱藏暴雪的競技場框架
5489	減益效果篩選新增「團隊減益效果」與「自己的與團隊減益效果」，團隊減益清單與單位框架相同。
5490	選擇敵方名條顯示哪些增益：計時增益、僅限可驅散，或顯示全部（顯示所有增益）。
5491	每個名條文字在其大小下方都有外框選項：無、外框、粗外框或暗影，或沿用模組預設。涵蓋名稱、等級、生命、目標的目標、施法文字、光環文字與友方名稱。
5492	施法條現在每一畫格都會填充，而非隨每次名條刷新跳動。火花與計時器也會平順移動，且沒有可見施法時會停止額外運算。
5493	核心文字位置提供所有正式版文字：敵方名稱、等級 | 名稱、目標的目標、生命 % 與生命 #，以及其組合變體。每個文字的齒輪可設定其大小。
5494	生命條與施法條提供 EllesmereUI 材質（Melli、Atrocity、Fade、Matte 等），與正式版相同
5495	生命條與施法條材質包含來自 SharedMedia 及其他插件的材質
5496	顯示與顏色頁面會顯示即時預覽名條；點擊其任一部分即可跳至對應設定
5497	正式版的條大小、顏色、仇恨模式、施法顏色、目標箭頭與斬殺脈動發光
5498	每個欄位放置一個元素；光環、團隊標記與分類也可放在施法條下方
5499	生命 # 使用暴雪風格的縮寫（1.2K、12K、1.2M），並可選擇顯示 % 小數
5500	從正式版匯入的設定檔不再讓目標名條放大到佔滿整個畫面。
5501	邊框設為「無」時現在只會隱藏邊框，不會隱藏施法條文字、計時器、護盾與斷法標記。
5502	選項預覽名條在切換分頁或關閉面板後不再消失。
5503	「中斷冷卻中」施法顏色現在會在你的斷法技能冷卻時顯示，與正式版相同，而非相反。
5504	團隊與小隊名稱各自擁有外框設定：無、外框、粗外框、暗影，或團隊框架字型預設。
5505	新的隊伍版面每欄堆疊兩個團隊小組，然後往右開始下一欄，因此 20 人團隊會排成 2x2 區塊。
5506	準備確認圖示顯示在減益效果上方，並在確認結束後保留每位玩家的結果十秒。
5507	顯示於中央團隊減益圖示的減益效果，不會再出現在一般減益效果列中，為其他減益效果騰出空間。
5508	在巫妖王中，團隊與小隊框架超出範圍時會變暗，戰鬥中亦然。由「超出範圍時變暗」與「超出範圍透明度」控制淡出。
5509	每個框架中央有一個大圖示，顯示 ICC、晶紅聖所、十字軍試煉、奧杜亞與納克薩瑪斯的重要減益效果，優先順序最高者在前，附計時器、層數與驅散顏色邊框。沒有列出的減益效果時，可改為顯示可驅散的減益。
5510	驅散顏色疊加效果樣式含不透明度、驅散顏色的框架邊框、類型圖示位置、各類型驅散提示顏色，以及僅顯示可驅散的。
5511	覆蓋層、真實或無預覽。預覽會在團隊或小隊頁面開啟時出現，並在你離開頁面、關閉面板或進入戰鬥時關閉。
5512	敵方施法會以圖示顯示在被施法的小隊或團隊成員身上，附施法轉圈與可中斷邊框。小隊預設為「治療時」；每種團隊版面各有自己的模式。巫妖王沒有法術目標，因此受害者為施法者的目標，且只會看到隊伍中有人選取的敵人
5513	傷害護盾會如正式版般顯示在生命條上：吸收樣式、不透明度、顏色、擺放位置與顯示溢出護盾。巫妖王不會回報護盾數值，因此由戰鬥紀錄估算
5514	生命條材質會列出來自 SharedMedia 及其他插件的材質，光環指示器預覽中亦然
5515	25 人預覽
5516	解鎖模式與選項預覽改以 25 人版面開啟，而非 40 人
5517	生命顏色模式、背景、仇恨、目標與滑鼠移過邊框、文字與圖示擺放
5518	來自使用 HealComm 插件的玩家的即將到來治療與復活
5519	主坦克、寵物與友方首領框架，以及治療者法力文字，各有解鎖模式移動器
5520	小隊頁面新增版面配置區塊，含水平框架
5521	準備確認圖示會對已接受的玩家及發起確認者顯示綠色勾號，而非在確認結束時顯示紅色 X。
5522	隊長圖示只會顯示在隊長身上，而非多位小隊成員身上。
5523	團隊與小隊框架選單中的設為專注目標與清除專注目標，在脫離戰鬥時可正常使用，不會跳出「已被禁止執行動作」的提示；戰鬥中會隱藏，請改用點擊施法的專注目標綁定。
5524	準備確認圖示再次顯示於團隊與小隊框架上。
5525	隱藏滿足 / 力竭也會隱藏 81005 嗜血冷卻減益效果。
5526	寵物框架首次出現時不再拋出 SecureTemplates strupper 錯誤。
5527	增益/減益效果編輯器的「新增」選單不再於第一次點擊時關閉。
5528	團隊與小隊框架的元素選項現在會開啟對應的設定。
5529	從正式版 EllesmereUI 匯出的設定檔字串，會匯入此用戶端支援的所有內容：每個模組保留目前設定，並套用其能理解的正式版數值。正式版專屬模組、專精設定與冷卻管理器法術會被略過，聊天視窗會回報匯入了多少設定。
5530	全域設定中的按鈕可還原 EUI 變更過的遊戲設定（名條、小地圖、聊天與浮動提示選項、聊天字型大小及快抽選單佔用的按鍵），然後為此角色關閉 EUI 並重新載入。你的設定檔會保留。
5531	為需要圓形或彩色轉圈的模組提供繪製的冷卻轉圈；巫妖王用戶端本身的轉圈一律是深色方形。冷卻管理器率先使用。
5532	當公會或隊伍成員使用較新版本的 EllesmereUI 時，聊天視窗每個登入時段會通知你一次。輸入 /euiupdate 取得下載連結。巫妖王無法連上網路，因此消息來自其他 EUI 使用者。
5533	Locales 插件為所有原始巫妖王用戶端語言提供社群翻譯，並以英文作為備援，採用 Lua 5.1 格式。
5534	在巫妖王用戶端上，收合的選單會顯示原版 Ellesmere E 標誌，套用介面強調色，並有可用的關閉圖示。
5535	其他插件透過 LibSharedMedia 註冊的字型、條材質與音效會出現在 EllesmereUI 選單中，包含登入後才註冊的項目。
5536	供個別文字使用的共用外框選擇器：無、外框、粗外框或暗影，模組預設則沿用字型頁面。切換時文字保留其顏色。
5537	不相容插件提示可停用另一個插件或受影響的 EllesmereUI 模組並重新載入。「確定」與「不再顯示」功能與以往相同。
5538	各專精的設定群組，可自動擷取並擁有各自的解鎖模式版面，另有針對地城、團隊、競技場、戰場、單人遊玩與脫離戰鬥的條件覆寫。
5539	Esc 選單有 EllesmereUI 與 EUI 解鎖模式按鈕，預設顯示。兩者皆依循全域設定中的 EUI 按鈕設定。
5540	開啟「在提示資訊顯示法術 ID」時，物品浮動提示會加上物品 ID 與圖示檔名。每一行都有各自的開關
5541	團隊框架與單位框架從共用估算值讀取吸收護盾：等級基礎值加上你自己的法術能量，減去戰鬥紀錄中每個護盾吸收的量。具有原生吸收 API 的用戶端則直接使用該 API
5542	競技場框架加入側欄、首次使用清單、設定檔、專精覆寫、模組字型與搜尋
5543	設定檔字串與共用匯出再次正常運作
5544	冰藍色選項主題；強調色符合主題會依循各主題的色盤
5545	擊殺首領、贏得競技場與戰場、嗜血/英雄氣概及升級時的燈光、光束、音樂與旋轉效果
5546	在提示資訊顯示法術 ID 涵蓋法術、動作按鈕、光環與聊天連結（預設關閉）
5547	選項側欄顯示所有已載入 EllesmereUI 插件的合計記憶體用量
5548	當你有多個設定檔時，側欄同步按鈕再次開啟其設定檔清單，不再發生錯誤。
5549	正式版設定檔字串會帶入元素位置：快捷列、經驗條與選單列、CDM 條、團隊與小隊框架、聊天、傷害統計視窗、體驗優化顯示、資源條與固定浮動提示，都會落在建立者擺放的位置。
5550	僅含名條的正式版設定檔字串會被辨識為正式版；條的寬度與高度、施法條高度與顏色、名稱大小與光環大小都會沿用。
5551	解鎖模式：頂部列的切換圖示與標籤更亮，不再在橫幅上顯示為深灰色。
5552	EUI 框架右鍵選單中的設為專注目標與清除專注目標，在脫離戰鬥時透過安全按鈕執行，不再被禁止；戰鬥中會隱藏。
5553	解鎖模式：方向鍵再次可將選取的元素移動 1 像素（按住 Shift 為 100）。
5554	可與 !!!ClassicAPI 並用：EUI 框架不再使用其裁切與遮罩函式，因此動畫發光與選項面板不再發生錯誤。
5555	在其他插件加入空白遮罩函式的用戶端上，開啟選項不再出現 \"attempt to index local 'mask'\" 錯誤。
5556	設定檔匯入與匯出框不再出現 \"attempt to call method 'GetNumLines'\" 錯誤，並可捲動以容納長字串。
5557	收合的選單再次顯示 Ellesmere E 標誌，而非一個純黑色圓圈。
5558	動作按鈕的浮動提示顯示真正的法術 ID，而非法術書欄位編號。
5559	修正首次開啟選項面板前，冷卻管理器發光出現的 \"attempt to call global 'issecretvalue'\" 錯誤。
5560	解鎖模式小工具的浮動提示改用相容巫妖王的透明度淡出，修正「向右增長」的 SetFromAlpha 錯誤。
5561	選項搜尋結果清單有完全不透明的背景，結果繪製於其上，因此側欄與頁面文字不再滲入結果中。
5562	解鎖模式首次開啟時不再出現 SetMaxLines 錯誤，元素移動器再次顯示。
5563	每次移植版更新後，更新說明提醒點現在會亮起。
5564	選項搜尋結果現在繪製在側欄與頁面之上，而非其後方。
5565	畫面上有許多元素時，解鎖模式右鍵選單不再於開啟後立即關閉。
5566	開啟團隊框架選項時，設定覆寫不再造成堆疊溢位。
5567	解鎖模式美術、選項頁面圖示與解鎖模式頂部列現在都清晰可見、易於閱讀。
5568	插件清單顯示簡潔的模組名稱，並在插件管理器中歸類於 EllesmereUI 底下。
5569	搜尋功能與搜尋模組設定再次可以輸入文字。
5570	在查詢未知名稱的 atlas 時會出錯的用戶端（例如移植了正式版介面的自訂 3.3.5 用戶端）上，EllesmereUI 檔案不再停止載入。
5571	如同正式版 9.4，資訊列頁面頂端有條選擇器：可直接在其選單中重新命名或刪除條，或選擇「+ 建立新資訊列」。「+ 新增條」會以卡片顯示四種起始範本；尚未有任何條時，頁面會以卡片網格顯示它們。
5572	如同正式版 9.4，選項視窗角落有視窗縮放滑桿，可以 5% 為一階平順調整大小；在滑桿上滾動滑鼠滾輪，或在視窗任何地方按住 Shift 滾動滾輪也可以。對 Ellesmere 的致謝現在位於關閉按鈕下方。
5573	全域設定開啟時，「重設所有 EUI 插件設定」與「解除安裝 EUI」並排顯示，如同正式版 9.4。「重設所有」現在需要你輸入 Confirm。「最佳化我的 FPS 與畫面」已移除：它所變更的圖形設定在此用戶端不存在。
5574	如同正式版 9.4，樣式頁面上每張外觀卡片都有使用該外觀的模組選單：勾選另一個外觀下的模組，然後按「套用樣式」，只需重新載入一次即可全部切換。選單只列出此用戶端能繪製的外觀：冷卻管理器、小地圖與傷害統計提供 EllesmereUI 與經典 WoW 介面，玩家光環條已移除，「套用至所有」會略過沒有該外觀的模組。
5575	匯入頁面可更新你目前的設定檔，而非建立新設定檔：勾選「匯入至目前設定檔」，字串中選取的模組（例如僅名條）會取代該設定檔中的對應設定，其餘部分保持不變。
5576	EUI 團隊頁面開頭是對 Ellesmere 的致謝，以及附有 GitHub 發行版本連結的移植團隊卡片。點擊致謝 Ellesmere 的標題行即可開啟。
5577	自訂法術提醒、可見性與音效會依角色分別儲存，與共用設定檔無關。
5578	可選的成就、交易與公會招募過濾，以及你自己封鎖的字詞與片語。
5579	在新的垃圾訊息過濾頁面設定重複時間、發送者比對與聊天範圍。
5580	名條與單位框架文字齒輪中的外框選單，以及體驗優化中的區域文字外框。單位框架預覽會顯示每個文字的外框。
5581	新增寵物與遞減效應區塊，並在目標與可見性下新增超出範圍時淡出及其不透明度。
5582	隊伍區塊新增通報斷法與接受好友與公會的邀請，團隊工具新增解散群組按鈕。
5583	條顯示、選單、背包與經驗條及條動畫，附選取條的即時預覽。點擊圖示、快捷鍵或數量即可跳至其設定。
5584	團隊與小隊頁面頂端新增正式版的驅散區塊與預覽模式（真實、覆蓋層或無預覽）。
5585	小隊與團隊頁面新增被指向法術區塊：模式、預覽、圖示大小、最大圖示數、位置、增長方向、偏移、施法轉圈、施法計時器與可中斷顏色。
5586	團隊框架（小隊與團隊）與單位框架（玩家、目標、專注目標）新增吸收區塊以顯示估算護盾，單位框架預覽中也會顯示護盾。
5587	CDM 條現在開啟時顯示正式版的條下拉選單（重新命名或刪除自訂條，新增冷卻、輔助、增益或焦點打斷條）以及所選條的圖示：拖曳以重新排序，點擊圖示以編輯，中鍵點擊以移除，並用 + 新增法術或增益。
5588	隱藏伺服器公告，例如 \"Name the level 11 Gnome Warrior has been slain by ... in Westfall\"，並可選擇保留達到指定等級以上的死亡訊息。
5589	SharedMedia
5590	焦點打斷施法音效與聊天音效會列出 EllesmereUI 與 SharedMedia 音效，材質頁面會將傷害統計連結至各視窗的條材質
5591	圖示區塊頂端的新下拉選單，附有套用至每個條的連結。預覽會顯示形狀。
5592	驅散下的首領減益圖示、圖示大小、圖示 Y 偏移與無首領減益時顯示可驅散效果
5593	一般、版面配置、生命與能量、文字、圖示、施法條，以及目標與可見性區塊
5594	顯示、額外與巫妖王背包設定，包含刪除已儲存角色
5595	職業圖示主題、職業顏色名稱、邊框、強調色、陣營旗幟與自動接受邀請
5596	顯示、顏色、一般與光環篩選，附內嵌顏色樣本與齒輪選單
5597	正式版版面的快速拾取、自動填入刪除確認、自動修理與自動販賣垃圾
5598	顯示、顏色與額外區塊，附內嵌顏色樣本以及自動接受與交付任務的齒輪
5599	巫妖王法術圖示、真實施法時間，以及與實際框架相同的陣營與頭像美術
5600	使用中設定檔下拉選單再次在每個設定檔上顯示重新命名、刪除與快捷鍵圖示。
5601	安裝 !!!ClassicAPI 時下拉選單再次可以開啟；其裁切函式不再將選單移入空白的捲動框架。
5602	重設全域設定不再於中途因錯誤停止並再次重新載入介面。
5603	在巫妖王用戶端上無作用的選項已隱藏：影像銳利化、延遲容許值、戰鬥文字大小、迅癒變暗、Slug 外框、職業資源暗色模式與顏色、正式版專屬的職業與能量顏色，以及游標光圈材質。
5604	全域設定不再顯示遊戲手把頁面，該頁面在巫妖王用戶端上沒有可控制的項目。
5605	最大鏡頭距離會儲存並保留其數值，不再重設為 1.0，且最高可達 4，與巫妖王用戶端允許的範圍相同。
5606	CDM 條與追蹤條開啟時不再出現 \"attempt to call field 'disabled'\" 錯誤，九個開關再次顯示其浮動提示。
5607	聊天 > 垃圾訊息過濾：只開啟交易或招募過濾時，聊天類型設定仍可使用，且浮動提示會說明每個設定涵蓋的範圍。
5608	開啟選項後，之後的暴雪動作不再有以 EllesmereUI 名義被禁止的風險。
5609	可見性等勾選清單選單，在點擊時會立即勾選或取消勾選，即使模組的即時更新遇到問題也一樣，而不必關閉再重新開啟選單。
5610	下拉清單、勾選清單及其他選項彈出視窗，會在實心背景上將項目繪製於自身背景之上，而非顯示褪色的項目並透出頁面。
5611	樣式頁面現在會依外觀分別保留單位框架的生命顏色，因此在經典 WoW 介面與 EllesmereUI 外觀之間切換時，各自的顏色都會保留。
5612	在經典 WoW 介面下，單位框架預覽與能量顏色樣本會顯示原始遊戲的能量顏色。
5613	每一列核心文字位置、法術名稱、施法計時器與友方名稱現在都有各自的外框齒輪，而非藏在大小彈出視窗中。
5614	按 Esc 關閉暴雪視窗時，不再顯示 \"EllesmereUIOptions has been blocked from an action\"。
5615	戰鬥傷害、治療、週期性與寵物傷害開關使用巫妖王本身的戰鬥文字設定。
5616	其他視窗以 Esc 關閉後，隱藏的選項小工具不再取得鍵盤焦點。
5617	拖曳滑桿或在滑桿中輸入不再出錯。
5618	在查詢未知名稱的 atlas 時會出錯的用戶端上，設定面板可以開啟，不再因 'NS' 錯誤而失敗。
5619	顯示頁面新增區域文字區塊，含移動區域文字。
5620	團隊工具不再有首領模組計時條區塊：AbilityTimeline 的 Sources 選項可隱藏 DBM 與 BigWigs 計時條。
5621	正式版團隊面板：可設為從不顯示、在團隊中、在任何隊伍中或總是顯示，形式可為可調整大小的精簡橫列、一個或兩個視窗，或只顯示其中一部分。它可以小圖示開始，即使在戰鬥中也可用快捷鍵開關，並有三個開怪倒數、轉換與解散。重新邀請會移出所有人並重新邀請至相同類型的隊伍，轉換為小隊則以相同方式將五人以下的團隊重組為小隊。當標記物品在背包中時，Shift + 左鍵點擊標記可放置其世界標記，或 Shift + 左鍵點擊清除圖示以重置世界標記。在團隊中只對隊長與助理顯示。
5622	一個按鍵即可對你的專注目標、坦克（輸入的名稱、主坦克或坦克職責）、你的友方目標或你的寵物施放誤導或偷天換日。圖示會顯示施放對象、增益計時器與冷卻。請在按鍵設定中綁定。
5623	受到的傷害、治療、閃避及進入或離開戰鬥，會在玩家框架上方捲動顯示，取代暴雪的戰鬥文字，提供直線、噴泉或靜態動畫、各類型顏色，以及解鎖模式中的移動器。
5624	自動為你選擇 NPC 唯一的對話選項。按住 Shift 可略過；副本及有任務可接或可交的 NPC 不受影響。其齒輪也可略過低等級任務。
5625	收件人欄位旁的箭頭會列出你在此伺服器與陣營的分身、公會成員及最近寄信的對象。點擊名稱即可填入。
5626	為進入區域時顯示的區域、子區域與 PvP 文字選擇無、外框、粗外框或暗影。暴雪預設保留遊戲本身的字型。
5627	將你或你的寵物打斷的法術，附法術連結發布至說、表情、小隊或團隊頻道。在戰場內，小隊與團隊會切換為戰場頻道。
5628	自動接受來自好友名單與公會成員的隊伍邀請，除非你已在隊伍中或正在地城搜尋器佇列中。
5629	團隊工具上的解散按鈕會在確認後將所有人移出你的團隊或小隊。僅限隊長，戰鬥中無法使用。
5630	即使關閉暴雪的自動拾取，也會立即拾取所有物品；按住 Shift 可查看拾取視窗。隊伍擲骰與隊長分配等鎖定的欄位會被略過。
5631	FPS 與延遲、次要屬性、耐久度警告、戰鬥與死亡警示、準星，以及新的目標距離文字，全部都可在解鎖模式中移動。
5632	FPS 計數器新的預設文字顏色「品質」會將 FPS 與各延遲值顯示為綠色、黃色或紅色（60/30 fps，100/250 ms）。仍可使用自訂與職業顏色。
5633	在體驗優化之後才載入的 SharedMedia 套件中的警示音效也能播放
5634	「全部開啟」按鈕會逐封取出物品與金錢，略過貨到付款與 GM 信件
5635	開啟寄信時，Shift 點擊背包物品即可附加該物品及相符的物品
5636	脫離戰鬥時逐一開啟可拾取的容器（預設關閉）
5637	「學習」旁的「全部學習」按鈕會顯示可學習的法術數量與總花費
5638	開怪倒數長度、DBM/BigWigs 廣播與聊天倒數
5639	匯入正式版設定檔後，團隊工具會保留其大小。
5640	Shift 點擊附加信件不再取代背包物品的點擊處理函式，因此背包點擊不會受到汙染。
5641	在 AbilityTimeline 啟用時隱藏 DBM 與 BigWigs 計時條的功能已移至 AbilityTimeline 本身，與正式版相同：在其 Sources 頁面的 Hide DBM bars 與 Hide BigWigs bars。團隊工具中的選項已移除。
5642	登出、離開遊戲、釋放靈魂及其他暴雪確認彈出視窗不再觸發 \"EllesmereUIQoL has been blocked from an action only available to the Blizzard UI\" 訊息。
5643	在較小的介面縮放下，區域名稱不再出現在畫面中央。現在固定於頂端（距畫面中心 X 9 / Y 322），沒有解鎖模式移動器。
5644	顯示玩家增益會在浮動提示旁以圖示顯示滑鼠指向玩家的增益，可設定位置、大小、每列圖示數與偏移。
5645	滑鼠移過角色資訊側欄中的屬性時，提供該屬性的已裝備物品會發光。
5646	觀察附魔與缺少的強化
5647	觀察附魔會以圖示顯示並在滑鼠移過時顯示名稱，或以依物品品質著色的名稱顯示，大小可獨立設定。滿級時，紅色標記會標出缺少的附魔、空插槽與缺少的腰帶扣環，與你的角色資訊相同。
5648	儲存套裝時，即使原生圖示選擇器已開啟也會重建它，避免 PaperDollFrame nil 比較錯誤。
5649	拾取擲骰的需求、貪婪、分解與放棄按鈕會統計隊伍其他成員的選擇。滑鼠移過按鈕可查看是誰，以職業顏色顯示。
5650	玩家浮動提示以 GearScoreLite 的顏色顯示 GearScore，載入 GearScoreLite 時會使用其公式。開啟 GearScoreLite 的選項時會保留其本身的那一行。
5651	每個欄位的附魔與寶石、最低耐久度、模型旋轉、平移與縮放、可重新排序的屬性區塊，以及從背包填入插槽的插槽列。
5652	職業顏色名稱與生命條、公會階級、目標、物品等級，以及游標或固定錨點
5653	觀察時的物品等級、停靠在角色視窗旁，以及商人清單模式
5654	復活接受發光與地城已就緒倒數條
5655	伺服器的收藏與衣櫥與塑形視窗加入視窗外觀
5656	理髮店、PvP 與戰場軍官、競技場登記員、戰場計分板、小地圖與佔領進度條、說明與 GM 回報單、GM 聊天狀態、呼吸與疲勞計時器、碼錶、團隊拉出框、除錯工具及 Ace3 設定視窗
5657	準備確認不再為隊長或在你回應後留下空白的黑色面板。
5658	角色資訊的頭銜分頁再次列出你已獲得的頭銜；點擊即可使用。
5659	公會今日訊息彈出視窗（及其他寬文字彈出視窗）的輸入框不再遮住其標題與按鈕。
5660	成就視窗不再讓邊框後方的成就清單變暗。
5661	插件清單視窗外觀開關只會在用戶端有插件清單視窗時顯示。
5662	寄信再次顯示收件人、主旨與內文框，且套用外觀的輸入框中游標會保持可見。
5663	在解鎖模式中拖曳固定浮動提示錨點時，不再彈回其儲存的位置。
5664	拍賣場：Auctionator 及其他拍賣插件新增的面板與分頁保留其原本的外觀與版面，頁尾的關閉按鈕文字上也不再多出一個 \"x\"。
5665	天賦：關閉按鈕與點數頁尾在捲軸處結束，不再超出視窗邊緣。
5666	視窗分頁保留其深色背景，不再透出後方。
5667	世界地圖：戰鬥中切換地圖檢視後，玩家箭頭、小隊與團隊圓點、屍體與任務標記仍會留在地圖美術上，副本地圖亦然。
5668	原生下拉選單的每一列右側不再出現空白方塊。
5669	暴雪視窗中的下拉框（例如地城搜尋器類型）在其箭頭處結束，不再超出視窗邊緣。
5670	團隊資訊：背景覆蓋整個視窗，包含標題、關閉按鈕、最後一列，以及延長團隊鎖定與關閉按鈕。
5671	天賦與雕紋背景現在結束於分頁上方及雙天賦分頁旁。
5672	雕紋分頁再次顯示原生羊皮紙背景，並與雕紋插槽對齊。
5673	暴雪視窗中的滑桿（例如鏡頭與滑鼠選項）恢復正常大小。
5674	可用前隱藏與不在形態/姿態時隱藏
5675	新的冷卻狀態：可用前隱藏只在法術可施放且未冷卻時顯示（壓制、復仇、勝利衝擊、斬殺）；資源不足不會將其隱藏。不在形態/姿態時隱藏只在所需的形態或姿態中顯示。兩者皆可補上空隙或保留位置。
5676	+ 選單可新增空白欄位，在快捷列上保留一個位置，用於將圖示分組。
5677	條可切換為塑形轉圈，貼合圓形圖示並使用轉圈顏色，取代用戶端的深色方形轉圈。
5678	冷卻、輔助與增益條，以及自訂條與焦點打斷條，從你的法術書、冷卻與光環追蹤。清單依天賦組儲存。
5679	玩家、目標、專注目標或寵物的光環或冷卻條，含材質、漸層、層數刻度與 pandemic 發光，並以群組排列。
5680	條圖示上方的 + 按鈕會開啟正式版的新增選單：自訂法術、物品或欄位、飾品、種族技能、藥水及你已學會的法術，或從金色 + 新增增益與增益預設組合
5681	飾品欄位中的被動觸發飾品會顯示其圖示，並在每次觸發後顯示內部冷卻，觸發增益持續期間也會顯示
5682	追蹤條材質包含 SharedMedia，焦點打斷施法音效在暴雪音效之外新增 EllesmereUI 與 SharedMedia 音效
5683	在光環啟用或缺少時點亮 EllesmereUI、暴雪或 ElvUI 的動作按鈕
5684	總是顯示、變暗、冷卻時或就緒時隱藏，以及就緒時發光
5685	種族技能、治療石、巫妖王藥水，以及英雄氣概與嗜血等增益
5686	只在學會指定天賦時顯示項目
5687	輔助條選項在點擊後不再切換為增益，冷卻條也不再被第二個增益條取代。
5688	種族技能只顯示一次：輔助條不再將奧流之術（及其他有職業變體的種族技能）列出三次。
5689	飾品欄位中的被動飾品在選項中顯示其本身的圖示，而非問號。
5690	重複儲存或以其他條名稱儲存的條（兩個增益條而沒有冷卻條）已修復，因此每個內建條都保有自己的圖示與選項。
5691	自動尺寸與平均分配的條，具正式版背景、邊框與螢幕邊緣貼齊，以及各區塊的邊距、對齊、縮放與顏色。
5692	20 個巫妖王區塊
5693	時鐘、FPS、延遲、位置、金錢紀錄、背包、耐久度、經驗與聲望、雙天賦、專業技能、旅行、微型選單、貨幣等。
5694	延遲文字預設會依連線品質顯示為綠色、黃色或紅色。選擇其他顏色後，可透過文字顏色中的延遲樣本切換回來。
5695	欄位浮動提示，含可點擊的列以及安全的法術、物品與巨集行
5696	每個條都有移動器，其元素選項會開啟該條的設定
5697	0.2 版的設定檔會自動轉換
5698	貼齊螢幕邊緣或設為全長的條，登入後會直接出現在其位置，不必開關一次解鎖模式。
5699	施法條延遲區段適用於佇列中的法術，引導期間仍保持可見，並可設定顏色與毫秒文字。
5700	職業、能量與生命條、施法條、GCD 條、揮擊計時器與圖騰列，每個元素都有各自的解鎖模式移動器。舊設定檔會遷移一次。
5701	從戰鬥紀錄取得主手、副手與遠程揮擊，包含佇列中的英勇打擊、順劈斬與槌擊、招架加速及速度變化。
5702	條材質包含來自 SharedMedia 及其他插件的材質
5703	垂直條、正式版文字、漸層、門檻、刻度標記與平滑
5704	死亡騎士符文順序與倒數、連擊點數，或暴雪原本的美術
5705	引導刻度、延遲、總持續時間與不可中斷顏色
5706	圖騰圖示與計時器，以及可移動的召喚圖騰列
5707	召喚圖騰列在戰鬥中不再調整大小或移動；變更會在戰鬥結束時套用。
5708	玩家施法條顯示引導法術的名稱，而非 \"Channeling\"。
5709	EUI 主題中的職業圖示、狀態圓球、詳細資訊行中的備註、陣營旗幟與滑鼠移過高亮，含邊框與強調色。
5710	接受來自好友的隊伍邀請，並可選擇接受公會成員的邀請，然後關閉彈出視窗。
5711	視窗維持原生外觀，但每一列仍會有職業圖示與彩色名稱
5712	自動接受會從 NPC 對話中接取任務，含防止一次接取多個任務；自動交付會完成只有單一獎勵的任務。按住 Shift 可略過。
5713	使用在任務日誌中找到的追蹤任務物品，且只在有物品可用時佔用該按鍵。
5714	頂端線條使用強調色，線條顏色會為標題分隔線著色
5715	/eqt show、/eqt hide 與 /eqt toggle
5716	點擊專注目標框架即可清除專注目標（預設為 Shift + 右鍵，或 Ctrl/Alt + 右鍵、中鍵、Shift + 左鍵）。在專注目標框架頁面設定。戰鬥中也有效。
5717	兩種新的減益效果篩選模式：團隊減益效果會顯示任何人施加的常見團隊減益效果（護甲、受到的法術與物理傷害、受到的致命一擊、攻擊強度、攻擊與施法速度、受到的治療、審判與獵人印記），自己的與團隊減益效果則會再加上你的減益效果。
5718	類型圖示位置會將玩家最高可驅散減益類型的圖示放在生命條的某個點上，其大小與偏移在齒輪中設定。僅你能驅散的現在位於其旁邊，並同樣縮限覆蓋層、圖示與邊框顏色。
5719	專注目標框架新增光環邊框樣式、大小與顏色設定，與玩家及目標相同。
5720	玩家、目標與專注目標會在生命填充之後顯示即將到來的治療：你的與其他玩家的治療各有自己的顏色，資料來自 LibHealComm-4.0（只會看到執行 HealComm 插件的治療者）。
5721	減益效果篩選現在可以顯示或隱藏滿足、力竭及其他嗜血冷卻減益效果。預設保持隱藏。
5722	左側、右側、置中與額外文字、底部文字列的文字及能量百分比，在大小下方各有外框選項：無、外框、粗外框或暗影，或模組預設。
5723	錨點、增長方向、每列圖示數、持續時間與層數文字、材質邊框與驅散光環。目標與專注目標新增可淨化增益發光。
5724	所有戰鬥指示器樣式現在都會顯示，高亮的頭像也會貼合其形狀而不再溢出。
5725	玩家、目標、專注目標與首領生命條會顯示估算的傷害護盾，具正式版的吸收樣式、不透明度、顏色、擺放位置、顯示溢出護盾與在首領框架上顯示
5726	法力或法力 + 形態能量，另有獨立的形態條
5727	仇恨 %、寵物能量條與寵物快樂度圖示
5728	使用指示器配置，在生命條上集中顯示光環指示器
5729	以驅散顏色顯示的填充、全滿、漸層與清晰漸層覆蓋層
5730	在經典 WoW 介面與暴雪風格下，隊長皇冠位於頭像的頂角，與原始框架相同，而非在生命條內。
5731	單位框架上的隊長圖示只會顯示在隊長身上，而非多位小隊成員身上。
5732	單位框架右鍵選單中的設為專注目標與清除專注目標，在脫離戰鬥時可正常使用，不會跳出「已被禁止執行動作」的提示；戰鬥中會隱藏。
5733	安裝 !!!ClassicAPI 時，單位框架的條與頭像不再被移入捲動框架。
5734	目標與專注目標施法條的重要施法發光已隱藏；巫妖王用戶端無法判斷哪些法術是重要的。
5735	引導施法條顯示法術名稱，而非 \"Channeling\"。
5736	首領框架現在在首領不是你的目標或專注目標時，也會更新生命、能量與文字。
5737	可見性條件（戰鬥、隊伍，以及沒有目標時隱藏）現在會套用至框架，不再因錯誤而中止，因此可見性選單的方框也會立即勾選。
5738	經典 WoW 介面的能量條現在保持在框架美術內：美術邊緣會覆蓋在能量條上，就像覆蓋生命條一樣。
5739	經典 WoW 介面現在讓每個單位框架使用原始的綠色生命條，而非職業顏色。切換回 EllesmereUI 外觀會恢復你的顏色。
5740	經典 WoW 介面的能量條使用原始遊戲顏色（深藍色法力、紅色怒氣、黃色能量），而非 EllesmereUI 色盤。其他外觀保留色盤。
5741	文字外框現在會套用至實際框架，而不只是選項預覽。
5742	在遮罩材質傳回空值的環境下，單位框架不再載入失敗（登入時的吸收條錯誤）。
5743	以法術 ID 顯示的圖示現在會顯示正確的圖示或問號，不再是空白方塊。
5744	陣營指示器在傭兵模式下不再出錯，正式版專屬的 PvP 樣式改用巫妖王的 PvP 圖示。
5745	首次建立框架時，等級文字不再出現 Font not set 錯誤。
5746	如同正式版 9.4，經驗值條區塊開頭為經驗值條樣式：EllesmereUI 使用 EUI 條，Luxthos 為採用 Luxthos WeakAura 版面的 EUI 條，暴雪預設則使用暴雪本身的經驗與聲望條。它取代了啟用經驗條與套用 Luxthos 版面按鈕。
5747	如同正式版 9.4，任何水平條都可在其左端、右端或兩端顯示經典獅鷲，從版面配置末端的端飾選單設定。齒輪可設定其大小與偏移，套用至所有會將其複製到每個條。即時預覽也會顯示。
5748	經驗值條新增正式版的任務經驗值覆蓋層（已完成任務為綠色，未完成為金色）、含智慧刻度的分隔線、漸層填充、背景與休息顏色，以及七個文字位置，可顯示數值、已完成任務經驗值、每小時經驗值、升級所需時間與遊戲時間。套用 Luxthos 版面會重現熱門的 Luxthos 經驗條 WeakAura，含滿級時顯示、火花與任務經驗值後的休息經驗值。
5749	放置已裝備物品（例如飾品）的按鈕，可顯示其稀有度顏色的邊框。預設關閉。
5750	四個額外快捷列，預設關閉，各有自己的快捷鍵、解鎖模式移動器與完整的條顯示設定。戰士、德魯伊、盜賊與牧師可看到哪個姿態或形態共用該快捷列的欄位。
5751	圓形與頭像繪製圓形圖示，菱形、六邊形與護盾將圖示裁切成該形狀，方形與圓角方形則加上造型外框。可依快捷列設定，包含寵物與姿態列。
5752	輸入 /kb，將滑鼠移到按鈕上並按下按鍵即可綁定，包含輔助鍵、滑鼠按鍵與滾輪。右鍵清除；取消或 Esc 可復原。
5753	各快捷列的文字、邊框、背景、方向與增長，正式版的按鈕動畫與可見性引擎，以及快捷列 1 的輔助鍵換頁。
5754	Shift+1 顯示為 S1，Control+1 為 C1，滑鼠按鍵為 M4，滾輪為 MwU/MwD
5755	將背包列縮小為單一背包按鈕
5756	方形微型選單與背包列、扁平經驗與聲望條，以及可移動的增益與減益效果
5757	快捷列 1 的換頁箭頭可切換頁面，不再出現 \"blocked from an action only available to the Blizzard UI\" 訊息。
5758	切換姿態時不再出現重複的暴雪姿態列與寵物列。
5759	隱藏暴雪快捷列美術時，仍可將法術拖放至快捷列 1。
5760	新增列數時，玩家增益會持續向下增長。
5761	經驗與聲望條在首次更新時不再出錯。
5762	製造靈魂石提醒（包含自訂法術提醒）只會對術士顯示。
5763	僅限神聖天賦的智慧聖印提醒，包含啟用其他聖印時。
5764	一鍵以最高等級對第一位缺少的成員施放你的隊伍增益，例如真言術：韌、野性賜福或秘法光輝。
5765	光環、靈氣、守護、護盾、武器強化、毒藥、寵物、靈魂石與治療石，以及精煉藥劑、藥劑與食物，並顯示背包中的數量。
5766	提醒音效包含 SharedMedia 音效，即使來自較晚載入的套件也一樣
5767	野外、普通與英雄地城及團隊副本，或戰鬥中，含低於此值時顯示計時器
5768	巫妖王區域與你目前副本的天賦提醒
5769	你自己的光環 ID 提醒，以及治療者法力的準備確認警告
5770	中鍵點擊可隱藏提醒直到下一次讀取畫面
5771	關閉符文熔鑄現在會隱藏死亡騎士符文提醒。
5772	為舊的天賦提醒新增區域不再出錯，新區域會立即套用。
5773	背包標題列中的硬幣可將物品標記為垃圾：點擊它，然後點擊物品。灰色與已標記的物品會歸入垃圾分類，與商人交易時硬幣旁會出現販賣垃圾按鈕。其齒輪可在已標記物品上加上硬幣標記。
5774	背包快捷鍵在戰鬥中會開關現有的版面。版面刷新會等到戰鬥結束。
5775	側欄提供所有物品、單一背包與多重背包檢視、釘選與最近物品、對應巫妖王物品的正式版分類，以及你自己的分類。
5776	單一背包會合併堆疊並依背包類型排序，多重背包則各自排序每個背包，並提供排序至底部與隨機排列。
5777	搜尋旁的齒輪會開啟背包選項，在銀行時則開啟銀行頁面
5778	角色清單中每個已儲存角色都有 x 可刪除其資料
