3498	Power Infusion
3499	Power Text
3500	Power Text Size
3501	Power Texture
3502	Power Type
3503	Power Value
3504	Power Value | Power %
3505	Power Word: Fortitude
3507	Precise Below (minutes, 0 = off)
3508	Prediction Color
3509	Prediction Opacity
3510	Preferred (Click to Buff)
3511	Prefix
3512	Prefixes the plugin's own name to its text.
3513	Preservation
3514	PRESET FILTERS
3515	Preset filters work independently of repeats. Your own messages are preserved. Keyword and recruitment matches can hide legitimate messages; enable only the filters you want.
3516	Presets
3517	Presets Have a New Home
3518	Press \"%1$s\" twice to continue.
3519	Press a hotkey for 
3520	Press a key...
3521	Press again to confirm.
3522	Press Ctrl+C to copy, then Escape to close
3523	Press the 
3524	Prev
3525	Prevent Multi Quest Accept
3526	Prevent Swiftmend Icon Dim
3527	Prevents Blizzard from dimming Swiftmend on action bars and CDM based on Efflorescence state.
3528	PREVIEW
3529	Preview
3530	Preview / Copy / Send Report
3531	Preview Frames
3532	Preview mana warning
3533	Preview Matches the Live Frames
3534	Preview Mode
3535	Preview Sound
3536	Preview • click an icon or indicator to edit
3537	Preview • enable Use Indicator Layout to apply
3538	Priest
3539	Prismatic
3540	Proc Aura ID
3541	Proc Glow
3542	Proc Glow Effect
3543	Proc Stacks
3544	Processing
3545	Professions
3546	Profile
3547	Profile Import and Export
3548	Profile Imported
3549	Profile Migration
3550	Profile Name
3551	Profile name...
3552	Profile Synced
3553	Profiles
3554	Profiles & Presets
3555	Profit
3556	Progress
3557	Promote & Reload
3558	Promote Override & Delete ALL Overrides
3559	Promote Override to Profile
3560	Promoting an override reloads the UI and cannot run in combat. Leave combat and try again.
3561	Protection
3562	Prowl
3563	Public Chat
3566	Pull canceled
3567	Pull Colors From
3568	Pull in 
3569	Pull Timer
3570	Pull Timer Length (seconds)
3572	Pulse
3573	Purgeable Buff Glow
3574	Purgeable Buffs
3575	Pushed
3576	Pushed Type
3577	PvP
3578	PvP Emblem
3579	PvP Flag
3580	Pyroblast
3582	QoL Addons
3583	Quality
3584	QUALITY OF LIFE
3586	Quality: FPS and each latency value turn green, yellow or red (60/30 fps, 100/250 ms).
3587	Quest
3588	Quest Failed
3589	Quest Item Hotkey
3590	Quest Items
3591	Quest Log
3592	Quest Objective Text Size
3593	Quest or achievement title under the mouse.
3595	Quest Tracker Font
3596	Quests
3597	Quests with more than one reward choice, and turn-ins that cost money or items, stay manual.
3598	Queued Color
3599	Quick Keybind Mode
3600	Quick Keybind Mode (/kb)
3601	Quick Loot
3604	Radial Palettes
3605	Rage
3607	Raid
3608	raid
3609	Raid / Party Aura Filters
3610	Raid and Party
3611	Raid and party filters are saved separately
3612	Raid and Unit Frames
3613	Raid Buff Provider Button
3614	RAID BUFFS
3615	Raid CDs
3616	Raid Combat
3617	RAID DEBUFFS
3618	Raid Debuffs
3619	Raid Debuffs Section
3621	Raid Frames Icons
3622	Raid Health Texture
3623	RAID LAYOUTS
3624	Raid Marker
3625	raid marker
3626	Raid Marker 0-8
3627	Raid Marker Position
3628	Raid Marker Settings
3629	Raid Marker Size
3630	Raid Markers
3631	Raid Only
3632	RAID TOOLS
3634	Raid Warning
3635	Raid Warning > Raid > Party; 10s and final 5s
3636	Raids
3637	Raise Cast Bar Strata (All)
3638	Raise Frame Level
3639	Raises the dragon within its strata. Higher values draw it over more of the frame.
3640	Random Celebrations Minimum Cooldown
3641	Random Hearthstone
3642	Randomize
3643	Randomly
3644	range
3645	Range (30-35)
3646	Range Color
3647	Ranged
3648	Ranged Color
3649	Rated Arena Win
3650	Reactive
3651	Ready
3652	ready
3653	Ready Check
3654	Ready Check Icons
3655	Ready Check Mana Warning
3656	Ready Check Position
3657	Ready Check Size
3658	Ready Glow Style
3659	Ready runes only, with a central ready count.
3660	Real Preview
3661	Rebind
3662	Rebirth Cooldown (Druid)
3663	Rebirth uses your cooldown; no shared raid charges
3664	Recent Colors
3665	Recent Items
3666	Recent Items Options
3667	Recharge Color
3668	Recolor the theme to any color and opacity you like
3669	Recolors the frame border in the dispel type color while a debuff of that type is shown.
3670	Rectangular
3671	Reduce Icons Per Indicator to make room (eight icons per aura type).
3672	Refresh Rate (Seconds)
3673	Refresh stats / print memory snapshot
3674	Regen Ticks
3675	Regrowth
3676	Relative to Screen
3678	Reload Recommended
3680	Reload the UI now?
3681	Reload to finish importing.
3682	Reload to finish switching to the new profile.
3683	Reload UI
3684	Remaining Duration
3685	Remember Last Chat Lines
3686	Remembered Lines
3687	Remind you to grab a Healthstone when a Warlock is in your group. Warlocks get a click-to-cast Create Healthstone reminder.
3688	Reminder Color
3689	Reminder Conditions
3690	Reminder Glow
3691	Reminder names, item counts and the mana warning
3692	Reminder Size
3693	Reminder Sound
3694	Reminder X
3695	Reminder Y
3696	Reminds you when the Camp Benefits campfire buff is missing.
3697	Reminds you whenever this buff is missing. Remove stops tracking it.
3698	Remove
3699	Remove '%s'? The setting keeps its current live value.
3700	Remove a character's saved bags, bank and gold from the account cache. The character you are logged in on is recorded again automatically and cannot be deleted.
3701	Remove Action
3702	Remove Anchor
3703	Remove Block
3704	Remove Character
3705	Remove Conditional Override
3706	Remove Entry
3707	Remove Glow
3708	Remove Override
3709	Remove Selected Bar
3710	Remove Selected Binding
3711	Remove Selected Indicator
3712	Remove Spec Override
3713	Remove Stranded Override
3714	Remove the stranded '%s' override for %s? The spec returns to the shared default.
3715	Removed 
3716	Removes the block from the bar in instanced content, where player coordinates are unavailable.
3717	Removes the color codes the plugin writes into its own text, so this block's Text Color applies. Off keeps the plugin's colors.
3718	Removes this block from the bar.
3719	Rename
3720	Rename Bar
3721	Rename Category
3722	Rename Group
3723	Rename Profile
3724	Rename this bar. Press Enter to apply.
3725	Render absorbs on Boss Frames using the Target frame's absorb styling.
3726	Renders the spec text in uppercase.
3727	Repaired all items for 
3728	Repairs from the guild bank when your withdraw limit covers the cost, otherwise from your own gold.
3729	Repeat Window (seconds)
3730	Repeated Message Filter
3731	REPEATED MESSAGES
3732	REPEATS AND KEYWORDS IN
3733	Replace Blizzard's split popup for bag and bank items with the split dialog that also offers Auto Split.
3734	Replaces the class icon with the strongest stun, silence, fear, root or immunity on that enemy.
3735	Replaces the difficulty flag with a compact readout such as 25H.
3736	Replaces the stock player cast bar.
3737	Reposition freely with
3738	Reposition this element within Unlock Mode
3739	Reputation
3740	REPUTATION BAR
3741	Reputation Bar
3742	Reputation Bar Text Size
3743	Reputation Bar Texture
3744	Requires a client with gliding events.
3745	Requires a Debuff Display
3746	Requires Power Type: Mana + Form Power.
3747	Requires Show Player. Party frames hide while in a raid.
3748	Rescue tool for a profile built inside an override: the selected group's settings and layouts become this profile's own baseline, then ALL spec override groups are deleted. Conditional overrides are not affected.
3749	RESET
3752	Reset & Reload
3753	Reset All & Reload
3754	Reset All Bar Positions
3755	Reset ALL EUI Addon Settings
3756	Reset ALL Settings
3757	Reset Bar Position
3758	Reset Bar Positions
3759	Reset Button Positions
3760	Reset Data
3761	Reset Data Keybind (Example: CTRL-R)
3762	Reset failed - there are still players inside the instance.
3763	Reset Icon Positions
3764	Reset Menu, Bags & XP Positions
3765	Reset Message
3766	Reset Position
3767	Reset Repeat Memory
3768	Reset Selected Aura Filters
3769	Reset Selected Bar Position
3770	Reset Session
3771	Reset Stat Colors & Order
3772	Reset This Group Position
3773	Reset to default
3774	Reset Tracking Bar Positions
3775	Reset Window Position
3776	Reset Window Positions
3777	Resize Width
3778	Reskin Dungeon Ready & Role Check
3779	Reskin Pause Menu
3780	Reskin Popups & Context Menus
3781	Reskin Tooltips
3785	Resolution Issue: Profile was made at %1$dx%2$d, yours is %3$dx%4$d
3787	Resource amounts are separated by power type.
3788	Resource Bar Settings
3789	Resource Bars
3790	Resource Color Darken
3791	Resource Colored
3792	Resource Text
3793	Resource, cast and GCD bar textures
3794	Rested
3795	Rested Indicator
3796	Rested Indicator X Offset
3797	Rested Indicator Y Offset
3798	Resting
3799	Resting Icon
3800	Restoration
3801	Restore Default Assignments For This Bar
3802	Restore My Settings
3803	Restyle My UI
3804	Restyles the game's chat bubbles and turns them on for the checked channels.
3806	Retail Appearance
3807	Retail Aura Lanes
3808	Retail Bags Window
3809	Retail Bar Model
3810	Retail Bar Settings
3811	Retail border styles from the shared border catalogue.
3812	Retail Chat Panel
3813	Retail Engine and Look
3814	Retail Friends List
3815	Retail Layout
3816	Retail Look
3817	Retail Pages
3818	Retail Settings Pages
3819	Retail Tooltip
3820	Retail Windows
3821	Retribution
3822	Reveal on hover only. Combines with the conditions below: hover-reveals while they all pass, stays hidden while any fails.
3823	Reveal Unexplored Areas
3824	Reverse Fill
3825	Reverse Group Order
3826	Reverse Member Order
3827	Reverse Swipe
3828	Reversed
3831	right
3832	Right click: back from details, or open meter bookmarks.
3833	Right Gap
3834	Right of Cursor
3835	Right of Icon
3836	Right of Window
3837	Right Screen Edge
3838	Right Text
3839	Right Text Class Color
3840	Right Text Settings
3841	Right Text Size
3842	Right to Left
3843	Right-click: favorite
3844	Right-click: remove favorite
3845	Right-drag still turns the camera
3846	Ring / Arc
3847	Ring Heavy
3848	Ring Light
3849	Ring Normal
3850	Ring Radius
3851	Ring Thick
3852	Ring Thickness
3853	Ring Thin
3856	Rogue
3857	ROGUE POISONS
3858	Role
3859	role
3860	Role Icon Position
3861	Role Icon Size
3862	Role Icon Style
3863	Role Icon X Offset
3864	Role Icon Y Offset
3865	Role Icons
3866	Roster Order
3867	Rotate Minimap
3868	Rounded Square
3869	Row Grow Direction
3870	Row Height
3871	Row Settings
3872	Row Spacing
3873	Rows
3874	Ruins of Lordaeron
3875	Rune
3876	Runeforging
3877	Runes
3878	Runes and Combo Points
3879	Runic
3880	Runic Power
3884	Same setup, same EllesmereUI features, a new look: switch to Blizzard Style or the new Classic WoW UI in one click, and switch back any time.
3885	Sated / Exhaustion Timer
3886	Satyr
3888	Save & Exit
3889	Save Binding
3890	Save History Between Sessions
3891	Save Inventory & Reload UI
3893	SAVED BINDINGS
3894	Saved for this character only. Type a spell ID and press Enter to be reminded whenever that buff is missing on you.\nSpells in your spellbook are click-to-cast. Unknown IDs are ignored.
3895	Saved for this raid layout. Hidden groups leave no empty space.
3896	Saved Instances
3897	Saved Raid(s)
3898	Say
3899	Say, Yell and numbered channels such as General, Trade and World. Scopes repeat, keyword, trade ad and recruitment filters.
3901	Scale any window larger or smaller with Shifter
3902	Scale of the bag and bank windows.
3903	Scale Target Nameplate
3904	Scales every text element on this bar.
3905	Scales the size of Blizzard's default game text (menus, tooltips, quest log, and more). Requires a UI reload.
3906	Scales the stock bar; 30 is its normal size.
3907	Scales the text size of Blizzard tooltips.
3908	Scales the whole frame. Blizzard Style frames are the stock size, so this stands in for Bar Width and Health Bar Height.
3909	Scales this block's content as a group inside its slot.
3910	Screen Center
3911	Screen Coordinates
3912	Screen layer this bar renders on. Raise it to draw over other frames, lower it to sit behind them.
3913	Screen Position
3914	Screen X Offset
3915	Screen Y Offset
3916	Scroll Button on Chat Panel
3917	Scroll the mouse wheel over a vendor window to turn its item pages.
3918	Scroll to Bottom
3919	Sea Giant
3920	Search Features...
3923	Secondary
3924	Secondary Professions
3925	Secondary Stat Display
3926	SECONDARY STATS
3927	Secondary Stats
3928	Secondary Stats Text Size
3929	Seconds to show the active state after a cast, for spells without a buff.
3930	Section
3931	See the highlights from every new update
3932	Segment
3933	Select
3934	Select a character
3935	Select a currency
3936	Select a plugin
3937	Select a talent...
3938	Select All
3939	Select Bar
3940	Select Dungeon/Raid/PvP Zone
3941	Select Frame
3942	Select Glow
3943	Select Group
3944	Select Indicator
3945	Select key: 
3946	Select Palette
3947	Select Segment
3948	Select Snap Target
3949	Select Talent
3950	Select the conditions that activate this group:
3951	Select the specs this group edits:
3952	Select which specs you want %1$s to be assigned to
3953	Select Window
3954	Select...
3955	Selected: 
3956	Selecting a segment switches all synced windows to it
3957	Selection Needle
3958	Self Position
3959	Send Mail Recipients
3960	Send Mail: Recipient List
3961	Send to DBM / BigWigs
3964	Separate Spacing
3965	Separate words or phrases with commas or semicolons. Case insensitive, including accented letters, literal substring matching. Empty entries are ignored.
3966	Separated (12,345)
3967	Separator
3968	Server Channel Notices
3969	Server Time
3970	Server time
3971	Session
3972	Set a glow once. Apply to All changes the active custom glows listed below.
3973	Set Border Size above 0
3974	Set Cancel Key
3975	Set Focus
3976	Set Name Text Options
3977	Set Name Text Size
3978	Set per filter
3979	Set per filter and tile
3980	Set per indicator
3981	Set Select Key
3982	Set the toggle key first (or uncheck Keybind).
