5779	품질 테두리, 퀘스트 표시, 아이템 레벨, 착용 시 귀속 글자, 세트 이름, 흐리게 표시된 잡동사니
5780	사이드바와 함께 은행을 분류별로 묶습니다
5781	가방 활성화를 끄면 기본 가방 함수가 더 이상 교체되지 않아, 오염된 가방 코드로 인한 동작 차단 오류를 방지합니다.
5782	캐릭터 목록을 열 때 더 이상 오류가 발생하지 않습니다.
5783	웹사이트나 현금 가격이 포함된 골드 판매 광고(5000G=20 bucks 및 위장된 W.W.W 주소 포함)는 선택한 대화 범위에서 기본적으로 필터링됩니다.
5784	NOT_IN_LFG 같은 지원되지 않는 서버 채널 알림이 더 이상 기본 대화 서식 처리기에서 오류를 일으키지 않습니다.
5785	반복 간격, 발신자 일치, 공개, 그룹, 귓속말 제어를 갖춘 선택적 스팸 필터.
5786	기본 도킹 위의 배경, 구분선, 입력 위치, 리테일 테두리 및 탭과, 친구, 길드, 복사, 채널, 설정이 있는 사이드바.
5787	리테일 시간 표시, 짧은 채널 이름, 직업 색상 이름, 링크 툴팁, 귓속말 소리, 저장된 대화 기록, 리테일 URL 및 복사 창.
5788	숨긴 메시지 표시는 이번 세션에 스팸 필터가 숨긴 마지막 200줄을 시간, 이유, 채널, 발신자와 함께 보여줍니다. 필터 기록 지우기는 이제 반복 기억 초기화입니다.
5789	거래 광고 프리셋이 LFW(일감 구함) 제작 광고도 숨깁니다.
5790	잠금 해제 모드에서 대화창을 우클릭하면 표시 설정이 열립니다
5791	채널별 토글과 인스턴스 내 숨기기를 지원하는 새 스타일의 말풍선
5792	대화창이 일정 시간 후 흐려지고 마우스를 올리면 다시 나타납니다
5793	대화 복사가 마지막으로 우클릭한 탭이 아니라 보고 있는 대화 탭을 복사하므로, \"(No chat history)\"가 표시되지 않습니다.
5794	일부 NPC 말풍선에 스타일을 적용할 때 발생하던 \"SetPoint(): is dependent on this\" 오류를 수정했습니다.
5795	길드 모집 필터가 \"<Frost> LF 1 heal ICC25\"처럼 길드가 언급된 공격대 광고를 더 이상 숨기지 않습니다. 길드 구함 문구만 해당됩니다.
5796	GM 귓속말과 메시지는 스팸 필터에 의해 절대 숨겨지지 않습니다.
5797	스팸 필터 키워드가 악센트가 있는 글자도 대소문자를 구분하지 않으므로, promoção는 PROMOÇÃO도 숨깁니다.
5798	거래 광고와 길드 모집 필터가 공개 대화 설정을 따르며, 모든 필터가 꺼져 있으면 스팸 필터는 아무 작업도 하지 않습니다.
5799	사이드바가 처음 불러올 때 표시되며, 탭과 토글이 즉시 갱신됩니다.
5800	주 대화창이 도킹에 의해 초기화되지 않고 잠금 해제 모드 위치를 유지합니다.
5801	저장된 대화 투명도가 0이면 한 번 리테일 기본값으로 초기화됩니다.
5802	사각형, 직사각형, 원형, 텍스처 원형 지도로, 테두리 크기, 투명도, 텍스처 스타일, 사용자 지정, 강조 또는 직업 색상을 지원합니다.
5803	애드온 버튼이 격자, 확장 방향, Shift-끌기 자유 이동을 갖춘 리테일 펼침 메뉴로 모입니다.
5804	기본 확대/축소 버튼이 있는 오리지널 고리와 지역 배너
5805	10가지 위치의 시계 및 지역 상자, 좌표, FPS와 지연 시간, 난이도 글자
5806	길드와 친구를 한눈에 확인합니다. 왼쪽 클릭은 귓속말, 오른쪽 클릭은 초대입니다
5807	메뉴 동작이 보안 호출로 블리자드 창을 열어 동작 차단 오류를 방지합니다.
5808	모양 페이지에서 데미지 미터기에 클래식 WoW UI를 선택하세요: 각 창에 클래식 툴팁 테두리, 툴팁 머리글 띠, 오리지널 머리글 아이콘이 적용되며, 모든 EllesmereUI 미터기 기능이 유지됩니다.
5809	주문의 세부 내역 툴팁에 주문 ID가 표시되며, 상세 창의 각 주문 행 끝에 ID가 표시됩니다.
5810	시전자를 확인할 수 있으면 소모된 보호막 흡수량이 치유량과 HPS에 포함되며, 흡수량 보기도 제공됩니다.
5811	평면 본체, 강조 머리글, Atrocity 바, 설정, 구간, 미터기 유형, 초기화 머리글 아이콘으로 최대 다섯 개의 창을 지원합니다.
5812	마우스 오버 시 최대 15개의 주문과 상위 3개 대상, 각 타격 시 생명력이 포함된 죽음 요약, 플레이어별 집중 보기.
5813	SharedMedia 바 텍스처는 프로필이 데미지 미터기 형식이든 EllesmereUI 형식이든 불러와집니다
5814	실패하거나 차단된 시전을 포함한 내 시전의 아이콘 띠와 바 창
5815	자체 잠금 해제 모드 요소를 가진 독립 전투 타이머
5816	창끼리 서로 붙으며, 잠긴 창은 이동, 크기 조절, 닫기를 할 수 없습니다
5817	데이터 초기화 및 창 표시 / 숨기기 단축키
5818	특성 데이터 기반의 전문화 아이콘과 속도를 조절한 그룹 살펴보기
5819	동작 메뉴를 주 특성 또는 보조 특성 그룹에서만 불러오고, 두 메뉴가 특성 간에 단축키 하나를 공유할 수 있습니다.
5820	키를 누른 채 가리키거나 스크롤하여 선택하고, 놓으면 실행합니다. 고리, 호, 부채꼴, 격자 배치로 항목 20개짜리 팔레트를 최대 16개까지 지원합니다.
5821	동작 메뉴 항목은 다른 팔레트의 동작을 최대 8개까지 고리에서 한 단계 바깥으로 펼칩니다.
5822	선택한 항목, 바늘, 중첩 강조에 강조 색상, 직업 색상 또는 사용자 지정 색상
5823	중첩 메뉴와 해당 항목 사이의 간격과 중첩 아이콘 크기를 설정합니다
5824	휠 한 칸이 선택을 이동하는 방향을 반대로 합니다
5825	키 지정은 보조 키를 포함한 다음 키 입력을 받고, 다시 지정하기 전에 확인합니다
5826	키를 놓아도 메뉴를 열어 두고 선택 키로 실행합니다
5827	사거리 밖이면 빨간색, 자원이 부족하면 파란색, 사용할 수 없으면 회색
