4504	Оставшиеся переопределения
4505	Слой
4506	слой
4508	Растягивает этот блок на место, оставшееся от блоков с заданным размером; заполняет ровно один блок на панели.
4509	Убрать цвета
4512	Полосы, толстые
4513	Полосы, толстые, обратные
4517	Стиль
4518	Стиль для этого профиля изменен. Для применения нужна перезагрузка UI.
4519	Настройте каждое окно по-своему.
4522	Ведущие поддержки
4523	Команда поддержки
4527	Замена закончившихся зелий
4529	Таймер атаки
4530	Прозрачность затенения
4532	Переключитесь на специализацию из этой группы, чтобы настроить ее режим разблокировки
4533	Переключить на опыт
4534	Переключить на репутацию
4537	Синхронизировать рамку с панелью чата
4539	Синхронизировать выбор сегмента
4542	Системный по умолчанию
4543	Цвет фона вкладок
4544	Шрифт вкладок
4545	Цвет шрифта вкладок
4546	Источник цвета шрифта вкладок
4547	Размер шрифта вкладок
4548	Высота вкладок
4549	Смещение вкладок X
4550	Отступ вкладок
4551	Текстура вкладок
4554	Вкладки внутри панели чата
4555	Вкладки используют стиль, размер и цвет рамки панели чата.
4556	Получено
4557	Условие таланта
4558	Условия талантов
4559	Талант должен быть
4560	Название таланта; запись показывается только при выполнении условия.
4564	Танк > Лекарь > DPS
4568	ЭФФЕКТЫ ЦЕЛИ И ФОКУСА
4569	ЦЕЛЬ И ВИДИМОСТЬ
4572	ПОЛОСА ЗАКЛИНАНИЙ ЦЕЛИ
4574	Размер имени (полоса цели)
4575	Размер цели (полоса цели)
4576	Текстура полосы заклинаний цели
4577	Размер таймера (полоса цели)
4578	Цвет цели
4579	ДИСТАНЦИЯ ДО ЦЕЛИ
4580	Дистанция до цели
4581	Текст дистанции до цели
4582	Размер текста дистанции
4583	Эффект цели
4584	Цвет подсветки цели
4585	Свечение важных заклинаний цели
4586	Метки цели
4588	Свечение рассеиваемых баффов цели
4590	Отслеживаемые ауры цели
4592	Полосы цели/фокуса
4593	Размер имени (полосы нацеливания)
4594	Размер цели (полосы нацеливания)
4595	Текстура полос нацеливания
4596	Размер таймера (полосы нацеливания)
4597	ПОЛОСЫ НАЦЕЛЕННЫХ ЗАКЛИНАНИЙ
4598	Полосы нацеленных заклинаний
4602	Смещение нацеленных заклинаний X
4603	Смещение нацеленных заклинаний Y
4604	Раздел нацеленных заклинаний
4605	Цель:
4607	Телепорт домой
4608	Телепорты
4611	Ужасно
4612	Тестовые рамки
4613	Тестовые рамки: эта страница, режим разблокировки или /earena test
4617	Привязка текста
4620	Текстовые поля
4623	Группа текста
4624	Варианты контура текста
4625	Стили контура текста
4627	Масштаб текста
4628	Масштаб текста (на полосу данных)
4629	Текст перед именем цели.
4631	Смещение текста X
4632	Смещение текста Y
4634	Текстура поверх цвета фона чата.
4635	Текстура поверх цветов фона вкладок.
4636	Текстура, окрашенная цветом фона чата.
4637	Текстура всех полос заклинаний рамок юнитов. «Наследовать» использует текстуру полосы каждого юнита.
4638	Текстура полосы ресурса класса.
4639	Текстура полос здоровья, ресурса и ресурса класса.
4640	Текстура не найдена
4641	Разрешение текстур — высокое\n
4643	Текстурное кольцо рассеивания
4644	Текстуры
4646	Этот параметр хранится по позиции в списке и не может быть безопасно переопределен.
4647	Менеджер баффов активного переопределения привязан к открытой странице. Покиньте вкладку менеджера баффов, чтобы сменить переопределение.
4648	Пользовательский %s активного переопределения привязан к этой странице. Покиньте вкладку %s, чтобы перейти к другому переопределению.
4650	Цвет фона за полосами в темном режиме (рамки юнитов, рамки рейда, полосы ресурсов).
4651	Банк открывается откуда угодно через заголовок сумок; вдали от банкира показывается последнее сохраненное содержимое.
4652	Полоса показывает стаки из максимума вместо времени.
4653	Панель, редактируемая на этой странице.
4654	Индикатор боя недоступен для рамки фокуса.
4655	Менеджер перезарядки умеет гораздо больше, чем показывать перезарядки: у него есть настройки для каждого заклинания, свечение панелей, полосы отслеживания и многое другое! Посмотрите советы, как извлечь из него максимум.
4657	тема EllesmereUI
4658	Полная противоположность «Полета на драконе (в воздухе)»: все, что не является полетом на маунте или в облике, способном к планированию, включая нахождение на земле.
4659	Запасная привязка должна отличаться\nот основной цели привязки
4660	Однотонный цвет заливки полос в темном режиме (рамки юнитов, рамки рейда, полосы ресурсов).
4661	Источник рамки — EllesmereUI
4662	Не удалось вставить самоцвет.
4663	Линия свечения не показывается при вертикальном заполнении или при размещении «От левого края»
4664	Линия свечения не показывается при вертикальном заполнении или при размещении «От правого края»
4665	Линия свечения не показывается при стиле поглощения «Нет»
4666	Король-лич
4667	современный стиль фона
4668	Стандартное окно контактов с иконками классов, именами в цвете класса, баннерами фракций и автопринятием приглашений; действия с друзьями и все вкладки контактов остаются стандартными.
4669	Оригинальные рамки, кольца и ячейки, где они есть в игре, с функциями EllesmereUI.
4670	Группа переопределения '%s' уже задает пользовательский режим разблокировки для вашей текущей специализации. Настройте его там или удалите эту специализацию из группы.
4671	Вставленную строку не удалось прочитать полностью. Вставьте ее еще раз.
4672	Рамка полосы личного дисплея ресурсов или классическая рамка полосы заклинаний на полосах здоровья, ресурса и ресурса класса со всеми функциями полос EllesmereUI.
4673	Настройки пиксельного свечения для свечения иконок этой панели. Шаблон никогда их не меняет.
4676	Включена CVar scriptProfile.
4677	Вставленный самоцвет будет уничтожен. Продолжить?
4678	Включены CVar taintLog и scriptProfile.
4679	Включена CVar taintLog.
4680	Трекер всегда скрыт на аренах
4681	Это те же настройки, что и на страницах каждого модуля, а не отдельные.
4683	У этих специализаций есть значения переопределения, недоступные ни одному режиму редактирования групп (остались после изменения состава). Они по-прежнему действуют. Удалите одно, чтобы вернуть специализации общие значения по умолчанию.
4687	Толщина в пикселях. -1 следует настройке рамки каждого индикатора дебаффа, 0 скрывает рамку цвета рассеивания.
4691	Эта панель сама задает размер блоков, поэтому ширину этого блока выбрать нельзя.
4693	Этот блок уже является блоком «Заполнить оставшееся место». Отметьте другой блок, чтобы передать ему эту роль.
4694	Это не меняет, какие заклинания пользователь отслеживает в CDM Blizzard.\nРекомендуется также поделиться раскладкой CDM Blizzard для каждой выбранной здесь специализации.
4695	Это действие нельзя отменить. Сначала стоит экспортировать профиль как резервную копию.
4696	Это действие нельзя отменить. Сначала экспортируйте свой профиль как резервную копию.
4697	Это условие появится в будущем обновлении.
4698	Это условие сейчас не активно. Сначала выполните одно из его условий (например, войдите в подземелье), чтобы настроить раскладку в реальном контексте.
4699	Этот элемент недавно поменял направление: теперь он копирует С выбранной рамки. Подтверждение скопирует все общие настройки С %1$s НА %2$s.
4700	Этот элемент не может использовать видимость по группам.
4702	Этот элемент показывается, как только совпадает ОДНО условие «Показать». «Скрыть» работает одинаково в обоих режимах: отмеченное «Скрыть» всегда скрывает, в любой строке.
4703	Этот элемент будет показываться только внутри дома или на участке
4704	Этот элемент будет показываться только верхом
4705	Этот экспорт включает межпрофильные настройки, которые перезапишут настройки импортирующего, включая Удобства, Hovercast и другое, чем обычно не делятся в стандартных профилях. ЭТО НЕ РЕКОМЕНДУЕТСЯ для публичного распространения профилей.
4706	Эта функция оптимизирует графические настройки игры для лучшего сочетания высокого FPS и четкости изображения.\n\nВы можете отменить все изменения в любой момент, нажав \"Восстановить мои настройки\" — кнопка появится после оптимизации.\n\n\nЧто мы меняем:\n\n
4708	Изменения источника этой рамки требуют перезагрузки UI.
4709	Это свечение заблокировано на странице своих настроек.
4710	Пользовательский менеджер баффов этой группы можно активировать или редактировать только при игре за одну из ее специализаций.
4711	Пользовательский менеджер дебаффов этой группы можно активировать или редактировать только при игре за одну из ее специализаций.
4712	Это строка раскладки панелей CDM, а не строка профиля.
4713	Это старая строка раскладки панелей CDM. Этот формат больше не поддерживается. Используйте обычный импорт профиля.
4717	Этот модуль нельзя переопределить. Выйдите из сеанса редактирования переопределения, чтобы открыть его.
4718	Этот модуль исключен из переопределений специализаций.
4719	Эту опцию нельзя использовать, пока в полосах ресурсов включена графика ресурса класса Blizzard.
4720	Эта опция не применяется к рамке игрока.
4721	Эта опция недоступна для рамки игрока
4725	Эта опция влияет только на рейдовые баффы, которые вы можете накладывать
4726	Эта опция применяется только к стилю «Значок».
4727	Эта опция применяется только при выборе «Имя > Цель».
4728	Эта опция применяется только при выборе «Имя > Цель» или «Цель».
4729	Эта опция применяется только при выборе «Цель».
4730	Эта опция применяется только когда текст показывает имя.
4732	Эта опция требует 2D-портрета или стиля графики «Класс».
4733	Эта опция требует, чтобы размер рамки был больше 0
4735	Эта опция требует стиля рамки, отличного от «Наследовать (основные рамки)».
4736	Эта опция требует стиля рамки, отличного от «Сплошной».
4737	Эта опция требует стиля рамки с разделителями и размера рамки больше 0.
4738	Эта опция требует формы «Круг» или «Пиксельный круг».
4741	Эта опция требует оверлея рассеивания, цветных пользовательских рамок или цветов рассеивания.
4743	Эта опция требует стиля свечения, отличного от «Нет»
4746	Эта опция требует положения иконки типа, отличного от «Нет»
4747	Эта опция требует видимого портрета и «Показывать иконку».
4748	Эта опция требует прикрепленной полосы ресурса, размера рамки больше 0 и стиля рамки со швами.
4749	Эта опция требует рамки цели или фокуса EllesmereUI.
4750	Эта опция требует внешнего кольца, отличного от «Нет».
4751	Эта опция требует стиля графики «Класс»
4752	Эта опция требует отключения стиля Blizzard
4754	Эта опция требует отключения «Объединить название заклинания и цель».
4755	Эта опция требует пользовательского стиля рамки, «Показывать иконку» и «Сделать иконку частью полосы» со стилем EllesmereUI.
4756	Эта опция требует включения рамок по типу рассеивания.
4758	Эта опция требует «Показывать иконку» и «Сделать иконку частью полосы» со стилем EllesmereUI.
4759	Эта опция требует «Показывать иконку» и стиля EllesmereUI.
4760	Эта опция требует иконки рядом с полосой заклинаний и стиля EllesmereUI.
4761	Эта опция требует «Показывать уровень».
4762	Эта опция требует стиля «Сплошной» или стиля рамки с разделителями и размера рамки больше 0.
4763	Эта опция требует стиля графики «Класс».
4764	Эта опция требует рамки формы по цвету класса и темного режима.
4766	Эта опция требует стиля WoW Forever.
4767	Это перезапишет текущие настройки рамки. Положение, видимость и состояние включения рамки не изменятся.
4768	Эта страница исключена из переопределений.
4769	Это навсегда перезапишет настройки профиля переопределением '%s': его сохраненные настройки и пользовательские раскладки режима разблокировки и менеджера баффов (если есть) станут базой профиля для всех специализаций. ВСЕ группы переопределений специализаций этого профиля будут удалены, и UI перезагрузится. Условные переопределения не затрагиваются.
4770	Эта строка профиля не содержит глобальных настроек.
4771	Эта строка профиля не содержит данных переопределений.
4772	Эта строка профиля не содержит настроек оформления окон и подсказок.
4773	Этот профиль создан до сброса бета-версии и больше не совместим. Создайте новый экспорт.
4774	Этот профиль создан в более новой версии EllesmereUI. Обновите аддон.
4775	Этот профиль создан при масштабе UI %1$d%%; у вас %2$d%%. Изменить масштаб UI под импортированный профиль? Все профили будут отображаться в этом масштабе, так как масштаб UI не задается для профиля, но его можно в любой момент вернуть к исходному значению.
4777	Для этой настройки уже есть переопределение для %s
4778	Эту настройку нельзя переопределить.
4779	У настройки есть переопределения
4780	Пользовательский режим разблокировки этой специализации принадлежит '%s'. Настройте его там или удалите специализацию из группы.
4781	Это строка ПОЛНОГО ЭКСПОРТА УЧЕТНОЙ ЗАПИСИ. Она заменит ваши общие настройки учетной записи настройками отправителя, включая Удобства, привязки HoverCast, настройки заклинаний менеджера перезарядки, привязки фиксаторов, масштаб UI и клавиши профилей -- а не только профиль. Остальные профили сохранятся, но профиль с тем же именем будет заменен.
4782	Этот юнит использует стандартную рамку Blizzard -- настроек EllesmereUI здесь нет.
4783	Рамка этого юнита скрыта -- настроек EllesmereUI здесь нет.
4784	Будет создан полностью отдельный менеджер баффов для этой условной группы. Изменения основного менеджера баффов больше не будут на нее влиять.
4785	Будет создан полностью отдельный менеджер баффов для этой группы переопределения. Изменения основного менеджера баффов больше не будут влиять на эти специализации.
4786	Будет создан полностью отдельный менеджер дебаффов для этой условной группы. Текущие настройки менеджера дебаффов будут скопированы как отправная точка, а изменения основного менеджера дебаффов больше не будут на нее влиять.
4787	Будет создан полностью отдельный менеджер дебаффов для этой группы переопределения. Текущие настройки менеджера дебаффов будут скопированы как отправная точка, а изменения основного менеджера дебаффов больше не будут влиять на эти специализации.
4788	Будет создан полностью отдельный режим разблокировки для этой условной группы. Изменения основного режима разблокировки больше не будут на нее влиять.
4789	Будет создан полностью отдельный режим разблокировки для этой группы переопределения. Изменения основного режима разблокировки больше не будут влиять на эти специализации.
4791	Это заменит ВАШИ настройки Blizz UI Enhanced (вкладки «Оформление окон» и «Подсказки, меню и всплывающие окна») настройками отправителя во ВСЕХ ваших профилях. Текущие настройки этих двух вкладок восстановить будет нельзя.
4792	Это создаст циклическую привязку
4793	Это создаст циклическое сопоставление высоты
4794	Это создаст циклическое сопоставление ширины
4795	угроза
4796	Угроза %
4797	Положение угрозы %
4798	Угроза и настроение питомца
4799	Рамка угрозы
4800	Цвет угрозы
4802	Измеритель угрозы
4803	Угроза: стандартные значения для текущей цели.
4806	Пороговое количество
4807	Цвет тиков
4811	Время с последнего показанного совпадающего сообщения. Скрытые повторы не продлевают окно.
4812	Таймер
4813	Фон таймера
4814	Текстура фона таймера
4815	Текстура полосы таймера
4816	Цвет рамки таймера
4817	Размер рамки таймера
4818	Цвет таймера
4819	Шрифт таймера
4820	Слой таймера
4821	Контур таймера
4822	Положение таймера
4824	Размер текста таймера
4825	Таймер X
4826	Таймер Y
4827	Текстуры таймера, сил и полос заклинаний
4828	Время у всех сообщений
4830	Окрашивает дракона в цвет класса вместо золотого или серебряного.
4831	Окрашивает дракона в цвет класса вместо золотого.
4832	Окрашивает ячейку этого блока в его собственный цвет.
4842	Календарь
4843	Часы
4845	Клавиша переключения
4846	Клавиша переключения
4847	Переключать открытие меню
4848	Режиму переключения нужна клавиша выбора; пока она не задана, меню срабатывает при отпускании.
4850	Сменить ориентацию
4851	Карта мира
4854	подсказка
4855	Прозрачность фона подсказки
4856	Рамка и фон подсказки
4857	Размер рамки подсказки
4858	Рамки и фон подсказок
4859	Масштаб шрифта подсказки
4860	Масштаб размера шрифта подсказки
4861	ИНФОРМАЦИЯ В ПОДСКАЗКЕ
4863	ПОЛОЖЕНИЕ ПОДСКАЗКИ
4864	Масштаб текста подсказки и текст чар
4865	Масштаб текста подсказки, текст чар и скорость полета на драконе
4866	ВИДИМОСТЬ ПОДСКАЗКИ
4867	Подсказки
4870	Верхний зазор
4872	Слева сверху, вниз
4873	Слева сверху, вправо
4874	Размер текста верхней полосы имени
4876	Отступ сверху
4879	Справа сверху, вниз
4880	Справа сверху, влево
4881	Верхний край экрана
4885	Верхняя/нижняя инфопанель
4888	ПАНЕЛЬ ТОТЕМОВ
4890	Панели тотемов
4891	Размер таймера тотемов
4892	Отслеживать
4895	Отслеживать убывающую эффективность
4896	ОТСЛЕЖИВАЕМЫЕ АУРЫ
4897	Отслеживаемые ауры
4898	Полосы отслеживаемых баффов
4899	Отслеживаемые ID добавляются; исключенные ID всегда скрыты
4900	Отслеживаемые ID заклинаний
4901	ОТСЛЕЖИВАЕМЫЕ ЗАКЛИНАНИЯ
4902	Шрифт трекера и размеры текста строк
4903	Размер иконок трекера
4904	Масштаб трекера
4906	Текст имени, таймера и стаков полосы отслеживания (на полосу)
4907	Текстура и рамка полосы отслеживания (на полосу)
4908	Текстуры полос отслеживания и рамки иконок
4909	ПОЛОСЫ ОТСЛЕЖИВАНИЯ
4911	Отслеживание, календарь и почта. На круглых картах они размещаются рядом с верхними часами.
4912	Отслеживает PvP-аксессуар и «Каждый за себя» (перезарядка 2 минуты) по журналу боя.
4913	Торговля
4914	Торговые объявления с LFW
4917	Тренер: кнопка «Изучить все»
4918	Превращения: Тыквовин, Сад чудес, индейка Пиршества странников, Ногганфоггер
4919	Перевод
4920	Перезарядки перемещения
4921	Треугольник
4923	Отслеживание аксессуаров и контроля
4924	Внутренние перезарядки аксессуаров
4925	Сторона аксессуаров
4926	Ячейка аксессуара 
4927	Включите «Отключить смену страниц в облике» на панели команд 1, чтобы дать ей собственные ячейки.
4928	Отключает облачка чата в подземельях, рейдах, на полях боя и аренах.
4929	Включает или выключает темный режим для полосы ресурса класса.
4930	Включает или выключает темный режим сразу для рамок юнитов и рамок рейда.
4931	Разворачивает дракона в другую сторону вокруг портрета.
4932	Сумерки
4934	Два
4935	Два новых переключателя в списке оформления окон
4937	Введите /reload в чат для применения.
4938	Введите \"%s\" для включения:
4939	Введите клавишу, например ALT-X. Она использует предмет отслеживаемого задания (или первый предмет задания) и назначается, только пока он есть. Обновляется вне боя; оставьте пустым для отключения.
4940	Введите ID заклинания и нажмите Enter, чтобы получать напоминание, когда этого баффа нет.\nНеизвестные ID игнорируются.
4941	Положение иконки типа
4942	Тип: 
4943	Шрифт часов таймера М+. Весь остальной текст Эпохального+ использует шрифт модуля.
4944	Шрифт трекера заданий. Этот выбор модуля важнее переопределения шрифта модуля выше.
4945	ТИПОГРАФИКА
4953	Проблема масштаба UI: профиль создан при %1$d%%, у вас %2$d%%
4954	Несовпадение масштаба UI
4957	Пресеты стиля UI
4959	Не назначено
4961	Снимите «Все дебаффы», чтобы выбрать, как сочетаются фильтры «Показать».
4962	Цвет подчеркивания
4963	Источник цвета подчеркивания
4964	Подчеркивает выбранную вкладку контактов цветом акцента.
4966	Без группы
4967	Кнопки без группы
4970	Непрерываемое
4972	Цвет непрерываемого
4973	Щит непрерываемого
4974	Цвет юнита в темном режиме
4975	Рамка юнита
4976	ФИЛЬТРЫ АУР РАМОК ЮНИТОВ
4979	Меню юнита
4980	Подсказка юнита
4984	Неизвестный тип профиля
4986	Без ограничений
4987	Разблокировать рамки арены
4988	Разблокировать положение дисплеев
4990	Режим разблокировки — это способ перемещать и менять размер всего в EllesmereUI, и в нем много инструментов: привязки, сопоставление ширины, запасные привязки, раскладки по группам. Это видео быстро научит вас им пользоваться.
4992	Раскладка режима разблокировки
4993	Фиксаторы режима разблокировки
4997	Невидимые враги
4998	Прозрачность невидимых
5000	До 
5001	До 20 рейдовых питомцев
5002	Интервал обновления (сек.)
5003	Уведомления об обновлениях
5005	Загрузить
5006	Текст в верхнем регистре
5007	Оттенок доступности
5008	24-часовой формат времени.
5009	Цвет акцента
5011	Стиль Blizzard
5013	Классический UI WoW
5014	Цвета рассеивания
5015	Стиль EllesmereUI
5016	Шрифт из настроек EUI
5017	Доп. порядок заклинаний
5019	Использовать камень возвращения
5020	Раскладка индикаторов
5021	Буквы
5022	Шрифт из настроек измерителя
5023	Раскладка рейда
5024	Серверное время
5025	Используйте стрелки в заголовках разделов для изменения порядка.
5026	Использовать стиль, размер и цвет рамки полосы заклинаний вокруг иконки.
5027	Использовать окно сумок EllesmereUI вместо стандартных сумок. После отключения введите /reload, чтобы полностью вернуть клавиши сумок стандартным сумкам.
5028	Использовать окно банка EllesmereUI вместо стандартной рамки банка.
5029	Использовать цвет «Есть агро», пока вы танкуете, вместо обычного цвета отношения.
5030	WoW Forever
5031	Использовано
5032	Использовано / Всего
5033	Используется режимом отображения «Полоса» в оповещении о перемещении.
5034	Пользовательские инфопанели: часы, золото, опыт, микроменю и другое.
5035	Использует текстуры монет Blizzard вместо буквенных суффиксов.
5036	Использует текущие ауры цели/под курсором и кэш аур по GUID для других опознанных индикаторов.
5037	Использует Logs/WoWCombatLog.txt
5038	Использует стандартные боевые события Wrath
5039	Использует рейдовые /maintank и /mainassist
5040	Использует цвет ресурса EllesmereUI для вашего класса.
5041	Использует цвет «Прерывание на КД», пока ваше прерывание перезаряжается.
5042	Использует цвет порога ниже значения, а не на уровне или выше.
5043	Использует широкую ширину трекера заданий Wrath.
5044	Использует вашу цель, когда фокус ничего не применяет.
5046	Панель утилит
5048	Значение
5049	значение
5051	ВАНИЛЬНАЯ ГРАФИКА
5055	Вертикальный разделитель рамки
5057	Вертикальное заполнение
5058	Смещение по вертикали
5060	Вертикальный разделитель
5064	ВИДЕОГАЙД
5065	Видеогайд
5066	Видеогайд: менеджер перезарядки
5067	Видеогайд: режим разблокировки
5068	Все / удалить переопределения
5069	Дальность обзора — снижена до 1\n
5070	Просмотр домов
5071	Команда EUI
5076	Видимость: «Всегда» или «Никогда»
5077	ВИДИМЫЕ ГРУППЫ
5078	Видимые строки
5079	Посетить
5080	Оживление
5082	Демон Бездны
5088	Камень души только для чернокнижников
5095	СНАЧАЛА ПОСМОТРИТЕ
5101	Еженедельный сброс
5103	Что стоит перед числом. «Иконка» показывает иконку персонажа; образцы цвета слева ее окрашивают.
5104	Что нового в EllesmereUI.
5105	При полете на драконе
5107	Когда «Исцеление» использует вашу роль или таланты исцеления
5108	Не при полете на драконе
5109	Если включено, напоминания о настоях/еде/оружии/ядах показываются (приглушенно), даже если в сумках нет подходящего предмета, — как подсказка пополнить запас.\nЕсли выключено, они полностью скрыты, когда у вас нет предмета.
5110	Когда разблокировано, зажмите Shift и перетащите миникарту. Положение также доступно в режиме разблокировки.
5112	Где содержимое блока располагается в его ячейке.
5113	Где полоса иконок располагается в своей ячейке.
5114	Где показывать
5115	Какой аудиоканал регулирует полоса громкости блока.
5116	Какую задержку показывать: домашнюю, мировую или обе рядом.
5117	Какие кнопки микроменю показывает блок.
5118	Какая часть строки остается на месте при появлении и исчезновении напоминаний.
5119	Какие разделы показывает подсказка золота.
5120	Какое число ячеек показывает блок.
5121	Какой вид открывают сумки по умолчанию.
5122	Пока включена группировка по категориям, убирать последний блок пустых ячеек, чтобы показывались только предметы.
5123	Верхом на маунте, способном к планированию, включая землю, где Blizzard показывает индикатор бодрости. «Полет на драконе (в воздухе)» дополнительно требует, чтобы вы летели.
5124	Пока активен режим вечеринки. Режим вечеринки может начаться в бою (Жажда крови); защищенные элементы, такие как панели команд, сохраняют текущую видимость до конца боя.
5125	При отдыхе: в городе или таверне.
5126	Когда вы в транспорте.
5127	Когда вы внутри дома или на участке.
5128	Во время применения показывает на полосе ману, которую потребует заклинание.
5129	Вихрь
5131	Шепот
5133	Белый
5135	Широкий трекер
5137	Ширина %
5138	Смещение ширины
5141	Стили рамок окон и полос
5142	Оформление окон и подсказок
5143	ПЕРЕТАСКИВАНИЕ ОКОН
5144	Шрифты окон и масштаб текста подсказок
5145	Текст заголовка окна, полос и таймера
5146	Название окна
5148	Масштаб окна %
5149	Масштаб окна, увеличение иконок и уровень предметов общие со страницей «Сумки».
5150	НАСТРОЙКИ ОКНА
5151	Оформление окон
